
 RUN  v4.1.10 D:/Users/ZXQL/wt-agents/issue-122/backend

Sourcemap for "D:/Users/ZXQL/wt-agents/issue-122/backend/src/__tests__/setup.ts" points to missing source files
Sourcemap for "D:/Users/ZXQL/wt-agents/issue-122/backend/src/__tests__/shared/password.test.ts" points to missing source files
Sourcemap for "D:/Users/ZXQL/wt-agents/issue-122/backend/src/__tests__/shared/auto-routes.test.ts" points to missing source files
Sourcemap for "D:/Users/ZXQL/wt-agents/issue-122/backend/src/__tests__/routes/platform-open-api-keys.test.ts" points to missing source files
Sourcemap for "D:/Users/ZXQL/wt-agents/issue-122/backend/src/__tests__/services/admin/auth.change-password.test.ts" points to missing source files
Sourcemap for "D:/Users/ZXQL/wt-agents/issue-122/backend/src/__tests__/services/platform/open-api-key.service.test.ts" points to missing source files
Sourcemap for "D:/Users/ZXQL/wt-agents/issue-122/backend/src/__tests__/services/admin/push.service.test.ts" points to missing source files
Sourcemap for "D:/Users/ZXQL/wt-agents/issue-122/backend/src/shared/password.ts" points to missing source files
Sourcemap for "D:/Users/ZXQL/wt-agents/issue-122/backend/src/__tests__/services/platform/admin-account-c6.service.test.ts" points to missing source files
Sourcemap for "D:/Users/ZXQL/wt-agents/issue-122/backend/src/shared/auto-routes.ts" points to missing source files
Sourcemap for "D:/Users/ZXQL/wt-agents/issue-122/backend/src/config/env.ts" points to missing source files
Sourcemap for "D:/Users/ZXQL/wt-agents/issue-122/backend/src/services/admin/push.service.ts" points to missing source files
Sourcemap for "D:/Users/ZXQL/wt-agents/issue-122/backend/src/services/platform/open-api-key.service.ts" points to missing source files
Sourcemap for "D:/Users/ZXQL/wt-agents/issue-122/backend/src/middleware/csrf.ts" points to missing source files
Sourcemap for "D:/Users/ZXQL/wt-agents/issue-122/backend/src/shared/logger.ts" points to missing source files
Sourcemap for "D:/Users/ZXQL/wt-agents/issue-122/backend/src/services/platform/admin-account.service.ts" points to missing source files
Sourcemap for "D:/Users/ZXQL/wt-agents/issue-122/backend/src/shared/app-error.ts" points to missing source files
Sourcemap for "D:/Users/ZXQL/wt-agents/issue-122/backend/src/shared/env.ts" points to missing source files
Sourcemap for "D:/Users/ZXQL/wt-agents/issue-122/backend/src/services/admin/auth.service.ts" points to missing source files
Sourcemap for "D:/Users/ZXQL/wt-agents/issue-122/backend/src/shared/db.ts" points to missing source files
Sourcemap for "D:/Users/ZXQL/wt-agents/issue-122/backend/src/shared/response.ts" points to missing source files
Sourcemap for "D:/Users/ZXQL/wt-agents/issue-122/backend/src/config/database.ts" points to missing source files
Sourcemap for "D:/Users/ZXQL/wt-agents/issue-122/backend/src/shared/http-with-retry.ts" points to missing source files
Sourcemap for "D:/Users/ZXQL/wt-agents/issue-122/backend/src/__tests__/fixtures/create-test-app.ts" points to missing source files
Sourcemap for "D:/Users/ZXQL/wt-agents/issue-122/backend/src/shared/migration.ts" points to missing source files
Sourcemap for "D:/Users/ZXQL/wt-agents/issue-122/backend/src/shared/seed-data.ts" points to missing source files
[2026-09-25 07:27:55.798 +0800] [33mWARN[39m (19700): [36m[http-retry] https://fcm.googleapis.com/v1/projects/p/messages:send 请求失败（Error: FCM 网络错误），将重试[39m
[2026-09-25 07:27:55.798 +0800] [33mWARN[39m (19700): [36m[http-retry] https://fcm.googleapis.com/v1/projects/p/messages:send 第 1 次重试（1000ms 后）[39m
Sourcemap for "D:/Users/ZXQL/wt-agents/issue-122/backend/src/routes/platform-open.routes.ts" points to missing source files
Sourcemap for "D:/Users/ZXQL/wt-agents/issue-122/backend/src/routes/admin-auth.routes.ts" points to missing source files
Sourcemap for "D:/Users/ZXQL/wt-agents/issue-122/backend/src/__tests__/mocks/mock-db.ts" points to missing source files
Sourcemap for "D:/Users/ZXQL/wt-agents/issue-122/backend/src/middleware/async-handler.ts" points to missing source files
Sourcemap for "D:/Users/ZXQL/wt-agents/issue-122/backend/src/__tests__/mocks/mock-db-index.ts" points to missing source files
Sourcemap for "D:/Users/ZXQL/wt-agents/issue-122/backend/src/__tests__/mocks/mock-db-state.ts" points to missing source files
Sourcemap for "D:/Users/ZXQL/wt-agents/issue-122/backend/src/controllers/platform/platform-open-api-key.controller.ts" points to missing source files
Sourcemap for "D:/Users/ZXQL/wt-agents/issue-122/backend/src/controllers/platform/platform-open-webhook.controller.ts" points to missing source files
Sourcemap for "D:/Users/ZXQL/wt-agents/issue-122/backend/src/services/platform/open-webhook.service.ts" points to missing source files
Sourcemap for "D:/Users/ZXQL/wt-agents/issue-122/backend/src/controllers/admin/auth.controller.ts" points to missing source files
Sourcemap for "D:/Users/ZXQL/wt-agents/issue-122/backend/src/config/open-platform.ts" points to missing source files
Sourcemap for "D:/Users/ZXQL/wt-agents/issue-122/backend/src/middleware/auth.ts" points to missing source files
Sourcemap for "D:/Users/ZXQL/wt-agents/issue-122/backend/src/middleware/tenant.ts" points to missing source files
[2026-09-25 07:27:56.814 +0800] [33mWARN[39m (19700): [36m[http-retry] https://fcm.googleapis.com/v1/projects/p/messages:send 请求失败（Error: FCM 网络错误），将重试[39m
[2026-09-25 07:27:56.814 +0800] [33mWARN[39m (19700): [36m[http-retry] https://fcm.googleapis.com/v1/projects/p/messages:send 第 2 次重试（2000ms 后）[39m
Sourcemap for "D:/Users/ZXQL/wt-agents/issue-122/backend/src/__tests__/routes/platform-c6-1a.test.ts" points to missing source files
Sourcemap for "D:/Users/ZXQL/wt-agents/issue-122/backend/src/__tests__/mocks/mock-db-system.ts" points to missing source files
Sourcemap for "D:/Users/ZXQL/wt-agents/issue-122/backend/src/__tests__/mocks/mock-db-store.ts" points to missing source files
Sourcemap for "D:/Users/ZXQL/wt-agents/issue-122/backend/src/__tests__/mocks/mock-db-customer.ts" points to missing source files
Sourcemap for "D:/Users/ZXQL/wt-agents/issue-122/backend/src/__tests__/mocks/mock-db-product.ts" points to missing source files
Sourcemap for "D:/Users/ZXQL/wt-agents/issue-122/backend/src/__tests__/mocks/mock-db-inventory.ts" points to missing source files
Sourcemap for "D:/Users/ZXQL/wt-agents/issue-122/backend/src/__tests__/middleware/login-fail-limiter.test.ts" points to missing source files
Sourcemap for "D:/Users/ZXQL/wt-agents/issue-122/backend/src/__tests__/mocks/mock-db-order.ts" points to missing source files
Sourcemap for "D:/Users/ZXQL/wt-agents/issue-122/backend/src/__tests__/mocks/mock-db-finance.ts" points to missing source files
Sourcemap for "D:/Users/ZXQL/wt-agents/issue-122/backend/src/__tests__/mocks/mock-db-supplier.ts" points to missing source files
Sourcemap for "D:/Users/ZXQL/wt-agents/issue-122/backend/src/__tests__/mocks/mock-db-platform-miniapp.ts" points to missing source files
Sourcemap for "D:/Users/ZXQL/wt-agents/issue-122/backend/src/middleware/slow-query-monitor.ts" points to missing source files
Sourcemap for "D:/Users/ZXQL/wt-agents/issue-122/backend/src/middleware/mfa-token.ts" points to missing source files
Sourcemap for "D:/Users/ZXQL/wt-agents/issue-122/backend/src/middleware/login-fail-limiter.ts" points to missing source files
Sourcemap for "D:/Users/ZXQL/wt-agents/issue-122/backend/src/services/admin/mfa.service.ts" points to missing source files
Sourcemap for "D:/Users/ZXQL/wt-agents/issue-122/backend/src/routes/platform.routes.ts" points to missing source files
Sourcemap for "D:/Users/ZXQL/wt-agents/issue-122/backend/src/shared/totp.ts" points to missing source files
Sourcemap for "D:/Users/ZXQL/wt-agents/issue-122/backend/src/controllers/admin/platform.controller.ts" points to missing source files
Sourcemap for "D:/Users/ZXQL/wt-agents/issue-122/backend/src/routes/admin-bill-history.routes.ts" points to missing source files
Sourcemap for "D:/Users/ZXQL/wt-agents/issue-122/backend/src/services/platform.service.ts" points to missing source files
Sourcemap for "D:/Users/ZXQL/wt-agents/issue-122/backend/src/controllers/admin/history-bill.controller.ts" points to missing source files
Sourcemap for "D:/Users/ZXQL/wt-agents/issue-122/backend/src/services/admin/history-bill.service.ts" points to missing source files
Sourcemap for "D:/Users/ZXQL/wt-agents/issue-122/backend/src/routes/admin-credit.routes.ts" points to missing source files
Sourcemap for "D:/Users/ZXQL/wt-agents/issue-122/backend/src/routes/admin-customer.routes.ts" points to missing source files
Sourcemap for "D:/Users/ZXQL/wt-agents/issue-122/backend/src/controllers/admin/customer.controller.ts" points to missing source files
Sourcemap for "D:/Users/ZXQL/wt-agents/issue-122/backend/src/__tests__/routes/platform-auth.test.ts" points to missing source files
Sourcemap for "D:/Users/ZXQL/wt-agents/issue-122/backend/src/services/admin/customer.service.ts" points to missing source files
Sourcemap for "D:/Users/ZXQL/wt-agents/issue-122/backend/src/shared/field-sync.ts" points to missing source files
Sourcemap for "D:/Users/ZXQL/wt-agents/issue-122/backend/src/shared/fulfillment.ts" points to missing source files
Sourcemap for "D:/Users/ZXQL/wt-agents/issue-122/backend/src/controllers/admin/member.controller.ts" points to missing source files
Sourcemap for "D:/Users/ZXQL/wt-agents/issue-122/backend/src/services/admin/member.service.ts" points to missing source files
[2026-09-25 07:27:58.836 +0800] [31mERROR[39m (19700): [36m[push.fcm] 推送失败: FCM 网络错误[39m
[2026-09-25 07:27:58.841 +0800] [33mWARN[39m (19700): [36m[http-retry] https://api.jpush.cn/v3/push 请求失败（Error: 连接超时），将重试[39m
[2026-09-25 07:27:58.841 +0800] [33mWARN[39m (19700): [36m[http-retry] https://api.jpush.cn/v3/push 第 1 次重试（1000ms 后）[39m
Sourcemap for "D:/Users/ZXQL/wt-agents/issue-122/backend/src/services/sms.service.ts" points to missing source files
Sourcemap for "D:/Users/ZXQL/wt-agents/issue-122/backend/src/routes/platform-auth.routes.ts" points to missing source files
Sourcemap for "D:/Users/ZXQL/wt-agents/issue-122/backend/src/middleware/captcha-guard.ts" points to missing source files
Sourcemap for "D:/Users/ZXQL/wt-agents/issue-122/backend/src/controllers/platform/platform-auth.controller.ts" points to missing source files
Sourcemap for "D:/Users/ZXQL/wt-agents/issue-122/backend/src/services/platform/platform-auth.service.ts" points to missing source files
Sourcemap for "D:/Users/ZXQL/wt-agents/issue-122/backend/src/controllers/admin/customer-lifecycle.controller.ts" points to missing source files
Sourcemap for "D:/Users/ZXQL/wt-agents/issue-122/backend/src/services/admin/customer-lifecycle.service.ts" points to missing source files
Sourcemap for "D:/Users/ZXQL/wt-agents/issue-122/backend/src/routes/admin-finance.routes.ts" points to missing source files
Sourcemap for "D:/Users/ZXQL/wt-agents/issue-122/backend/src/controllers/admin/daily-settlement.controller.ts" points to missing source files
Sourcemap for "D:/Users/ZXQL/wt-agents/issue-122/backend/src/services/admin/daily-settlement.service.ts" points to missing source files
Sourcemap for "D:/Users/ZXQL/wt-agents/issue-122/backend/src/controllers/admin/finance-dashboard.controller.ts" points to missing source files
[2026-09-25 07:27:59.855 +0800] [33mWARN[39m (19700): [36m[http-retry] https://api.jpush.cn/v3/push 请求失败（Error: 连接超时），将重试[39m
[2026-09-25 07:27:59.855 +0800] [33mWARN[39m (19700): [36m[http-retry] https://api.jpush.cn/v3/push 第 2 次重试（2000ms 后）[39m
Sourcemap for "D:/Users/ZXQL/wt-agents/issue-122/backend/src/services/admin/finance-dashboard.service.ts" points to missing source files
Sourcemap for "D:/Users/ZXQL/wt-agents/issue-122/backend/src/routes/admin-inventory.routes.ts" points to missing source files
Sourcemap for "D:/Users/ZXQL/wt-agents/issue-122/backend/src/controllers/admin/report.controller.ts" points to missing source files
Sourcemap for "D:/Users/ZXQL/wt-agents/issue-122/backend/src/services/admin/report.service.ts" points to missing source files
Sourcemap for "D:/Users/ZXQL/wt-agents/issue-122/backend/src/routes/admin-library.routes.ts" points to missing source files
Sourcemap for "D:/Users/ZXQL/wt-agents/issue-122/backend/src/controllers/admin/library.controller.ts" points to missing source files
Sourcemap for "D:/Users/ZXQL/wt-agents/issue-122/backend/src/services/admin/library-lookup.service.ts" points to missing source files
Sourcemap for "D:/Users/ZXQL/wt-agents/issue-122/backend/src/routes/admin-marketing-calculation.routes.ts" points to missing source files
Sourcemap for "D:/Users/ZXQL/wt-agents/issue-122/backend/src/__tests__/routes/platform-monitor-ops.test.ts" points to missing source files
Sourcemap for "D:/Users/ZXQL/wt-agents/issue-122/backend/src/controllers/admin/marketing-calculation.controller.ts" points to missing source files
Sourcemap for "D:/Users/ZXQL/wt-agents/issue-122/backend/src/services/admin/marketing-calculation.service.ts" points to missing source files
Sourcemap for "D:/Users/ZXQL/wt-agents/issue-122/backend/src/routes/admin-marketing-coupon.routes.ts" points to missing source files
Sourcemap for "D:/Users/ZXQL/wt-agents/issue-122/backend/src/controllers/admin/marketing-new.controller.ts" points to missing source files
Sourcemap for "D:/Users/ZXQL/wt-agents/issue-122/backend/src/services/admin/marketing-new-coupon.service.ts" points to missing source files
Sourcemap for "D:/Users/ZXQL/wt-agents/issue-122/backend/src/shared/id.ts" points to missing source files
Sourcemap for "D:/Users/ZXQL/wt-agents/issue-122/backend/src/services/admin/marketing-new-promotion.service.ts" points to missing source files
Sourcemap for "D:/Users/ZXQL/wt-agents/issue-122/backend/src/controllers/platform/platform.controller.ts" points to missing source files
Sourcemap for "D:/Users/ZXQL/wt-agents/issue-122/backend/src/routes/admin-marketing-flash-sale.routes.ts" points to missing source files
Sourcemap for "D:/Users/ZXQL/wt-agents/issue-122/backend/src/services/platform/tenant-admin.service.ts" points to missing source files
Sourcemap for "D:/Users/ZXQL/wt-agents/issue-122/backend/src/controllers/admin/marketing-flash-sale.controller.ts" points to missing source files
Sourcemap for "D:/Users/ZXQL/wt-agents/issue-122/backend/src/services/admin/marketing-flash-sale.service.ts" points to missing source files
Sourcemap for "D:/Users/ZXQL/wt-agents/issue-122/backend/src/services/admin/platform-audit-log.service.ts" points to missing source files
Sourcemap for "D:/Users/ZXQL/wt-agents/issue-122/backend/src/routes/admin-marketing-full-reduction.routes.ts" points to missing source files
Sourcemap for "D:/Users/ZXQL/wt-agents/issue-122/backend/src/services/platform/platform-overview.service.ts" points to missing source files
Sourcemap for "D:/Users/ZXQL/wt-agents/issue-122/backend/src/controllers/admin/marketing-full-reduction.controller.ts" points to missing source files
Sourcemap for "D:/Users/ZXQL/wt-agents/issue-122/backend/src/services/platform/subscription-admin.service.ts" points to missing source files
Sourcemap for "D:/Users/ZXQL/wt-agents/issue-122/backend/src/services/admin/marketing-full-reduction.service.ts" points to missing source files
Sourcemap for "D:/Users/ZXQL/wt-agents/issue-122/backend/src/services/platform/platform-config.service.ts" points to missing source files
Sourcemap for "D:/Users/ZXQL/wt-agents/issue-122/backend/src/routes/platform-monitor-ops.routes.ts" points to missing source files
Sourcemap for "D:/Users/ZXQL/wt-agents/issue-122/backend/src/routes/admin-marketing-group-buy.routes.ts" points to missing source files
Sourcemap for "D:/Users/ZXQL/wt-agents/issue-122/backend/src/__tests__/routes/supplier.test.ts" points to missing source files
Sourcemap for "D:/Users/ZXQL/wt-agents/issue-122/backend/src/routes/platform-app-version.routes.ts" points to missing source files
Sourcemap for "D:/Users/ZXQL/wt-agents/issue-122/backend/src/controllers/admin/marketing-group-buy.controller.ts" points to missing source files
Sourcemap for "D:/Users/ZXQL/wt-agents/issue-122/backend/src/controllers/platform/platform-monitor-ops.controller.ts" points to missing source files
Sourcemap for "D:/Users/ZXQL/wt-agents/issue-122/backend/src/controllers/platform/app-version.controller.ts" points to missing source files
Sourcemap for "D:/Users/ZXQL/wt-agents/issue-122/backend/src/services/admin/marketing-group-buy.service.ts" points to missing source files
Sourcemap for "D:/Users/ZXQL/wt-agents/issue-122/backend/src/services/platform/app-version.service.ts" points to missing source files
Sourcemap for "D:/Users/ZXQL/wt-agents/issue-122/backend/src/routes/admin-marketing-points.routes.ts" points to missing source files
Sourcemap for "D:/Users/ZXQL/wt-agents/issue-122/backend/src/routes/platform-library.routes.ts" points to missing source files
Sourcemap for "D:/Users/ZXQL/wt-agents/issue-122/backend/src/controllers/admin/marketing-points.controller.ts" points to missing source files
Sourcemap for "D:/Users/ZXQL/wt-agents/issue-122/backend/src/services/admin/marketing-points.service.ts" points to missing source files
Sourcemap for "D:/Users/ZXQL/wt-agents/issue-122/backend/src/services/platform/platform-monitor-ops.service.ts" points to missing source files
Sourcemap for "D:/Users/ZXQL/wt-agents/issue-122/backend/src/controllers/platform/library.controller.ts" points to missing source files
Sourcemap for "D:/Users/ZXQL/wt-agents/issue-122/backend/src/routes/admin-marketing-stack-rule.routes.ts" points to missing source files
Sourcemap for "D:/Users/ZXQL/wt-agents/issue-122/backend/src/services/platform/library.service.ts" points to missing source files
Sourcemap for "D:/Users/ZXQL/wt-agents/issue-122/backend/src/controllers/admin/marketing-stack-rule.controller.ts" points to missing source files
Sourcemap for "D:/Users/ZXQL/wt-agents/issue-122/backend/src/services/platform/tenant-quota.service.ts" points to missing source files
Sourcemap for "D:/Users/ZXQL/wt-agents/issue-122/backend/src/routes/platform-config.routes.ts" points to missing source files
Sourcemap for "D:/Users/ZXQL/wt-agents/issue-122/backend/src/services/admin/marketing-stack-rule.service.ts" points to missing source files
Sourcemap for "D:/Users/ZXQL/wt-agents/issue-122/backend/src/controllers/platform/platform-manage.controller.ts" points to missing source files
Sourcemap for "D:/Users/ZXQL/wt-agents/issue-122/backend/src/routes/platform-monitor.routes.ts" points to missing source files
Sourcemap for "D:/Users/ZXQL/wt-agents/issue-122/backend/src/routes/admin-order.routes.ts" points to missing source files
Sourcemap for "D:/Users/ZXQL/wt-agents/issue-122/backend/src/services/platform/platform-announcement.service.ts" points to missing source files
Sourcemap for "D:/Users/ZXQL/wt-agents/issue-122/backend/src/middleware/price-guard.ts" points to missing source files
Sourcemap for "D:/Users/ZXQL/wt-agents/issue-122/backend/src/services/platform/platform-sys-config.service.ts" points to missing source files
Sourcemap for "D:/Users/ZXQL/wt-agents/issue-122/backend/src/shared/price-guard.ts" points to missing source files
Sourcemap for "D:/Users/ZXQL/wt-agents/issue-122/backend/src/controllers/admin/order.controller.ts" points to missing source files
Sourcemap for "D:/Users/ZXQL/wt-agents/issue-122/backend/src/controllers/platform/platform-logo.controller.ts" points to missing source files
Sourcemap for "D:/Users/ZXQL/wt-agents/issue-122/backend/src/routes/supplier.routes.ts" points to missing source files
Sourcemap for "D:/Users/ZXQL/wt-agents/issue-122/backend/src/services/admin/order.service.ts" points to missing source files
Sourcemap for "D:/Users/ZXQL/wt-agents/issue-122/backend/src/controllers/admin/supplier.controller.ts" points to missing source files
Sourcemap for "D:/Users/ZXQL/wt-agents/issue-122/backend/src/controllers/platform/platform-monitor.controller.ts" points to missing source files
Sourcemap for "D:/Users/ZXQL/wt-agents/issue-122/backend/src/routes/admin-platform-announcement.routes.ts" points to missing source files
Sourcemap for "D:/Users/ZXQL/wt-agents/issue-122/backend/src/controllers/admin/monitor.controller.ts" points to missing source files
Sourcemap for "D:/Users/ZXQL/wt-agents/issue-122/backend/src/controllers/admin/platform-announcement.controller.ts" points to missing source files
Sourcemap for "D:/Users/ZXQL/wt-agents/issue-122/backend/src/services/admin/monitor.service.ts" points to missing source files
Sourcemap for "D:/Users/ZXQL/wt-agents/issue-122/backend/src/services/admin/platform-announcement.service.ts" points to missing source files
Sourcemap for "D:/Users/ZXQL/wt-agents/issue-122/backend/src/middleware/response-tracker.ts" points to missing source files
Sourcemap for "D:/Users/ZXQL/wt-agents/issue-122/backend/src/controllers/platform/announcement-template.controller.ts" points to missing source files
Sourcemap for "D:/Users/ZXQL/wt-agents/issue-122/backend/src/services/platform/announcement-template.service.ts" points to missing source files
Sourcemap for "D:/Users/ZXQL/wt-agents/issue-122/backend/src/services/admin/notification-sender.service.ts" points to missing source files
Sourcemap for "D:/Users/ZXQL/wt-agents/issue-122/backend/src/routes/admin-platform-audit-log.routes.ts" points to missing source files
Sourcemap for "D:/Users/ZXQL/wt-agents/issue-122/backend/src/controllers/admin/platform-audit-log.controller.ts" points to missing source files
Sourcemap for "D:/Users/ZXQL/wt-agents/issue-122/backend/src/shared/notification-sender.ts" points to missing source files
Sourcemap for "D:/Users/ZXQL/wt-agents/issue-122/backend/src/routes/admin-platform-settlement.routes.ts" points to missing source files
Sourcemap for "D:/Users/ZXQL/wt-agents/issue-122/backend/src/controllers/admin/platform-settlement.controller.ts" points to missing source files
Sourcemap for "D:/Users/ZXQL/wt-agents/issue-122/backend/src/services/admin/platform-settlement.service.ts" points to missing source files
Sourcemap for "D:/Users/ZXQL/wt-agents/issue-122/backend/src/routes/admin-product.routes.ts" points to missing source files
Sourcemap for "D:/Users/ZXQL/wt-agents/issue-122/backend/src/controllers/admin/product.controller.ts" points to missing source files
Sourcemap for "D:/Users/ZXQL/wt-agents/issue-122/backend/src/services/admin/product.service.ts" points to missing source files
Sourcemap for "D:/Users/ZXQL/wt-agents/issue-122/backend/src/shared/product-sync.ts" points to missing source files
Sourcemap for "D:/Users/ZXQL/wt-agents/issue-122/backend/src/shared/redis-cache.ts" points to missing source files
[2026-09-25 07:28:01.865 +0800] [31mERROR[39m (19700): [36m[push.jpush] 推送失败: 连接超时[39m
[2026-09-25 07:28:01.870 +0800] [33mWARN[39m (19700): [36m[http-retry] https://fcm.googleapis.com/v1/projects/p/messages:send 请求失败（Error: network down），将重试[39m
[2026-09-25 07:28:01.870 +0800] [33mWARN[39m (19700): [36m[http-retry] https://fcm.googleapis.com/v1/projects/p/messages:send 第 1 次重试（1000ms 后）[39m
Sourcemap for "D:/Users/ZXQL/wt-agents/issue-122/backend/src/config/redis.ts" points to missing source files
Sourcemap for "D:/Users/ZXQL/wt-agents/issue-122/backend/src/controllers/admin/product-image.controller.ts" points to missing source files
Sourcemap for "D:/Users/ZXQL/wt-agents/issue-122/backend/src/controllers/admin/stock-warning.controller.ts" points to missing source files
Sourcemap for "D:/Users/ZXQL/wt-agents/issue-122/backend/src/services/admin/stock-warning.service.ts" points to missing source files
Sourcemap for "D:/Users/ZXQL/wt-agents/issue-122/backend/src/controllers/admin/category.controller.ts" points to missing source files
Sourcemap for "D:/Users/ZXQL/wt-agents/issue-122/backend/src/services/admin/category.service.ts" points to missing source files
Sourcemap for "D:/Users/ZXQL/wt-agents/issue-122/backend/src/routes/admin-quote-push.routes.ts" points to missing source files
Sourcemap for "D:/Users/ZXQL/wt-agents/issue-122/backend/src/controllers/admin/quote-push.controller.ts" points to missing source files
Sourcemap for "D:/Users/ZXQL/wt-agents/issue-122/backend/src/services/admin/quote-push.service.ts" points to missing source files
Sourcemap for "D:/Users/ZXQL/wt-agents/issue-122/backend/src/routes/admin-report.routes.ts" points to missing source files
Sourcemap for "D:/Users/ZXQL/wt-agents/issue-122/backend/src/routes/admin-staff.routes.ts" points to missing source files
Sourcemap for "D:/Users/ZXQL/wt-agents/issue-122/backend/src/controllers/admin/employee.controller.ts" points to missing source files
Sourcemap for "D:/Users/ZXQL/wt-agents/issue-122/backend/src/services/admin/employee.service.ts" points to missing source files
Sourcemap for "D:/Users/ZXQL/wt-agents/issue-122/backend/src/routes/admin-store.routes.ts" points to missing source files
Sourcemap for "D:/Users/ZXQL/wt-agents/issue-122/backend/src/routes/admin-system.routes.ts" points to missing source files
Sourcemap for "D:/Users/ZXQL/wt-agents/issue-122/backend/src/routes/admin-tenant-usage.routes.ts" points to missing source files
Sourcemap for "D:/Users/ZXQL/wt-agents/issue-122/backend/src/controllers/admin/tenant-usage.controller.ts" points to missing source files
Sourcemap for "D:/Users/ZXQL/wt-agents/issue-122/backend/src/services/admin/tenant-usage.service.ts" points to missing source files
Sourcemap for "D:/Users/ZXQL/wt-agents/issue-122/backend/src/routes/aftersale.routes.ts" points to missing source files
Sourcemap for "D:/Users/ZXQL/wt-agents/issue-122/backend/src/__tests__/routes/inventory-batch.test.ts" points to missing source files
Sourcemap for "D:/Users/ZXQL/wt-agents/issue-122/backend/src/controllers/admin/aftersale.controller.ts" points to missing source files
Sourcemap for "D:/Users/ZXQL/wt-agents/issue-122/backend/src/__tests__/routes/platform-billing.test.ts" points to missing source files
Sourcemap for "D:/Users/ZXQL/wt-agents/issue-122/backend/src/services/admin/aftersale.service.ts" points to missing source files
Sourcemap for "D:/Users/ZXQL/wt-agents/issue-122/backend/src/__tests__/routes/sync.test.ts" points to missing source files
Sourcemap for "D:/Users/ZXQL/wt-agents/issue-122/backend/src/config/constants.ts" points to missing source files
Sourcemap for "D:/Users/ZXQL/wt-agents/issue-122/backend/src/schemas/aftersale.ts" points to missing source files
Sourcemap for "D:/Users/ZXQL/wt-agents/issue-122/backend/src/routes/ai-billing.routes.ts" points to missing source files
Sourcemap for "D:/Users/ZXQL/wt-agents/issue-122/backend/src/controllers/admin/ai-billing-config.controller.ts" points to missing source files
Sourcemap for "D:/Users/ZXQL/wt-agents/issue-122/backend/src/services/platform/ai-billing-config.service.ts" points to missing source files
Sourcemap for "D:/Users/ZXQL/wt-agents/issue-122/backend/src/schemas/ai-billing.schema.ts" points to missing source files
Sourcemap for "D:/Users/ZXQL/wt-agents/issue-122/backend/src/routes/ai-platform.routes.ts" points to missing source files
Sourcemap for "D:/Users/ZXQL/wt-agents/issue-122/backend/src/controllers/platform/ai-platform.controller.ts" points to missing source files
Sourcemap for "D:/Users/ZXQL/wt-agents/issue-122/backend/src/services/platform/ai-platform.service.ts" points to missing source files
Sourcemap for "D:/Users/ZXQL/wt-agents/issue-122/backend/src/routes/alert.routes.ts" points to missing source files
Sourcemap for "D:/Users/ZXQL/wt-agents/issue-122/backend/src/controllers/admin/alert.controller.ts" points to missing source files
[2026-09-25 07:28:02.886 +0800] [33mWARN[39m (19700): [36m[http-retry] https://fcm.googleapis.com/v1/projects/p/messages:send 请求失败（Error: network down），将重试[39m
[2026-09-25 07:28:02.886 +0800] [33mWARN[39m (19700): [36m[http-retry] https://fcm.googleapis.com/v1/projects/p/messages:send 第 2 次重试（2000ms 后）[39m
Sourcemap for "D:/Users/ZXQL/wt-agents/issue-122/backend/src/services/alert.service.ts" points to missing source files
Sourcemap for "D:/Users/ZXQL/wt-agents/issue-122/backend/src/routes/inventory-batch.routes.ts" points to missing source files
Sourcemap for "D:/Users/ZXQL/wt-agents/issue-122/backend/src/controllers/admin/inventory-batch.controller.ts" points to missing source files
Sourcemap for "D:/Users/ZXQL/wt-agents/issue-122/backend/src/routes/approval.routes.ts" points to missing source files
Sourcemap for "D:/Users/ZXQL/wt-agents/issue-122/backend/src/routes/platform-billing.routes.ts" points to missing source files
Sourcemap for "D:/Users/ZXQL/wt-agents/issue-122/backend/src/controllers/admin/approval-flow.controller.ts" points to missing source files
Sourcemap for "D:/Users/ZXQL/wt-agents/issue-122/backend/src/shared/expiry-scanner.ts" points to missing source files
Sourcemap for "D:/Users/ZXQL/wt-agents/issue-122/backend/src/controllers/platform/platform-billing.controller.ts" points to missing source files
Sourcemap for "D:/Users/ZXQL/wt-agents/issue-122/backend/src/services/admin/approval-flow.service.ts" points to missing source files
Sourcemap for "D:/Users/ZXQL/wt-agents/issue-122/backend/src/routes/sync.routes.ts" points to missing source files
Sourcemap for "D:/Users/ZXQL/wt-agents/issue-122/backend/src/controllers/admin/approval-records.controller.ts" points to missing source files
Sourcemap for "D:/Users/ZXQL/wt-agents/issue-122/backend/src/controllers/admin/sync.controller.ts" points to missing source files
Sourcemap for "D:/Users/ZXQL/wt-agents/issue-122/backend/src/services/admin/approval-records.service.ts" points to missing source files
Sourcemap for "D:/Users/ZXQL/wt-agents/issue-122/backend/src/routes/archive.routes.ts" points to missing source files
Sourcemap for "D:/Users/ZXQL/wt-agents/issue-122/backend/src/controllers/admin/archive.controller.ts" points to missing source files
Sourcemap for "D:/Users/ZXQL/wt-agents/issue-122/backend/src/services/admin/archive.service.ts" points to missing source files
Sourcemap for "D:/Users/ZXQL/wt-agents/issue-122/backend/src/services/platform/platform-billing.service.ts" points to missing source files
Sourcemap for "D:/Users/ZXQL/wt-agents/issue-122/backend/src/routes/audit.routes.ts" points to missing source files
Sourcemap for "D:/Users/ZXQL/wt-agents/issue-122/backend/src/controllers/admin/audit.controller.ts" points to missing source files
Sourcemap for "D:/Users/ZXQL/wt-agents/issue-122/backend/src/services/admin/audit.service.ts" points to missing source files
Sourcemap for "D:/Users/ZXQL/wt-agents/issue-122/backend/src/utils/audit-log.ts" points to missing source files
Sourcemap for "D:/Users/ZXQL/wt-agents/issue-122/backend/src/routes/avatar.routes.ts" points to missing source files
Sourcemap for "D:/Users/ZXQL/wt-agents/issue-122/backend/src/controllers/admin/avatar.controller.ts" points to missing source files
Sourcemap for "D:/Users/ZXQL/wt-agents/issue-122/backend/src/routes/bank-account.routes.ts" points to missing source files
Sourcemap for "D:/Users/ZXQL/wt-agents/issue-122/backend/src/controllers/admin/bank-account.controller.ts" points to missing source files
Sourcemap for "D:/Users/ZXQL/wt-agents/issue-122/backend/src/services/admin/bank-account.service.ts" points to missing source files
Sourcemap for "D:/Users/ZXQL/wt-agents/issue-122/backend/src/routes/billing-config.routes.ts" points to missing source files
Sourcemap for "D:/Users/ZXQL/wt-agents/issue-122/backend/src/controllers/admin/billing-config.controller.ts" points to missing source files
Sourcemap for "D:/Users/ZXQL/wt-agents/issue-122/backend/src/services/platform/billing-config.service.ts" points to missing source files
Sourcemap for "D:/Users/ZXQL/wt-agents/issue-122/backend/src/schemas/billing.schema.ts" points to missing source files
Sourcemap for "D:/Users/ZXQL/wt-agents/issue-122/backend/src/routes/brand.routes.ts" points to missing source files
Sourcemap for "D:/Users/ZXQL/wt-agents/issue-122/backend/src/controllers/admin/brand.controller.ts" points to missing source files
Sourcemap for "D:/Users/ZXQL/wt-agents/issue-122/backend/src/services/admin/brand.service.ts" points to missing source files
Sourcemap for "D:/Users/ZXQL/wt-agents/issue-122/backend/src/routes/cart.routes.ts" points to missing source files
Sourcemap for "D:/Users/ZXQL/wt-agents/issue-122/backend/src/controllers/admin/cart.controller.ts" points to missing source files
Sourcemap for "D:/Users/ZXQL/wt-agents/issue-122/backend/src/services/admin/cart.service.ts" points to missing source files
Sourcemap for "D:/Users/ZXQL/wt-agents/issue-122/backend/src/routes/category.routes.ts" points to missing source files
Sourcemap for "D:/Users/ZXQL/wt-agents/issue-122/backend/src/routes/commerce-fix.routes.ts" points to missing source files
Sourcemap for "D:/Users/ZXQL/wt-agents/issue-122/backend/src/controllers/admin/commerce-fix.controller.ts" points to missing source files
Sourcemap for "D:/Users/ZXQL/wt-agents/issue-122/backend/src/services/admin/commerce-fix.service.ts" points to missing source files
Sourcemap for "D:/Users/ZXQL/wt-agents/issue-122/backend/src/routes/commission.routes.ts" points to missing source files
Sourcemap for "D:/Users/ZXQL/wt-agents/issue-122/backend/src/controllers/admin/commission.controller.ts" points to missing source files
Sourcemap for "D:/Users/ZXQL/wt-agents/issue-122/backend/src/services/admin/commission.service.ts" points to missing source files
Sourcemap for "D:/Users/ZXQL/wt-agents/issue-122/backend/src/routes/community-marketing.routes.ts" points to missing source files
Sourcemap for "D:/Users/ZXQL/wt-agents/issue-122/backend/src/controllers/marketing/community-marketing.controller.ts" points to missing source files
Sourcemap for "D:/Users/ZXQL/wt-agents/issue-122/backend/src/services/marketing/community-marketing.service.ts" points to missing source files
Sourcemap for "D:/Users/ZXQL/wt-agents/issue-122/backend/src/routes/credit.routes.ts" points to missing source files
Sourcemap for "D:/Users/ZXQL/wt-agents/issue-122/backend/src/__tests__/routes/platform-templates.test.ts" points to missing source files
Sourcemap for "D:/Users/ZXQL/wt-agents/issue-122/backend/src/controllers/admin/credit.controller.ts" points to missing source files
Sourcemap for "D:/Users/ZXQL/wt-agents/issue-122/backend/src/__tests__/routes/purchase.test.ts" points to missing source files
Sourcemap for "D:/Users/ZXQL/wt-agents/issue-122/backend/src/services/admin/credit-limit.service.ts" points to missing source files
Sourcemap for "D:/Users/ZXQL/wt-agents/issue-122/backend/src/services/admin/credit-collection.service.ts" points to missing source files
Sourcemap for "D:/Users/ZXQL/wt-agents/issue-122/backend/src/services/admin/credit-risk.service.ts" points to missing source files
Sourcemap for "D:/Users/ZXQL/wt-agents/issue-122/backend/src/services/admin/credit-scoring.service.ts" points to missing source files
Sourcemap for "D:/Users/ZXQL/wt-agents/issue-122/backend/src/__tests__/routes/platform-tenant.test.ts" points to missing source files
Sourcemap for "D:/Users/ZXQL/wt-agents/issue-122/backend/src/controllers/admin/credit-adjust.controller.ts" points to missing source files
Sourcemap for "D:/Users/ZXQL/wt-agents/issue-122/backend/src/services/admin/credit-adjust.service.ts" points to missing source files
Sourcemap for "D:/Users/ZXQL/wt-agents/issue-122/backend/src/routes/custom-report-v2.routes.ts" points to missing source files
[2026-09-25 07:28:04.888 +0800] [31mERROR[39m (19700): [36m[push.fcm] 推送失败: network down[39m
[2026-09-25 07:28:04.892 +0800] [33mWARN[39m (19700): [36m[http-retry] https://oauth-api.cloud.huawei.com/openapi/v1/appid/token 请求失败（Error: token endpoint down），将重试[39m
[2026-09-25 07:28:04.892 +0800] [33mWARN[39m (19700): [36m[http-retry] https://oauth-api.cloud.huawei.com/openapi/v1/appid/token 第 1 次重试（1000ms 后）[39m
Sourcemap for "D:/Users/ZXQL/wt-agents/issue-122/backend/src/controllers/admin/custom-report-v2.controller.ts" points to missing source files
Sourcemap for "D:/Users/ZXQL/wt-agents/issue-122/backend/src/services/admin/custom-report-v2.service.ts" points to missing source files
Sourcemap for "D:/Users/ZXQL/wt-agents/issue-122/backend/src/routes/platform-templates.routes.ts" points to missing source files
Sourcemap for "D:/Users/ZXQL/wt-agents/issue-122/backend/src/routes/custom-report.routes.ts" points to missing source files
Sourcemap for "D:/Users/ZXQL/wt-agents/issue-122/backend/src/controllers/admin/custom-report.controller.ts" points to missing source files
Sourcemap for "D:/Users/ZXQL/wt-agents/issue-122/backend/src/controllers/platform/platform-template.controller.ts" points to missing source files
Sourcemap for "D:/Users/ZXQL/wt-agents/issue-122/backend/src/services/admin/custom-report.service.ts" points to missing source files
Sourcemap for "D:/Users/ZXQL/wt-agents/issue-122/backend/src/routes/customer-care.routes.ts" points to missing source files
Sourcemap for "D:/Users/ZXQL/wt-agents/issue-122/backend/src/routes/purchase.routes.ts" points to missing source files
Sourcemap for "D:/Users/ZXQL/wt-agents/issue-122/backend/src/controllers/admin/customer-care.controller.ts" points to missing source files
Sourcemap for "D:/Users/ZXQL/wt-agents/issue-122/backend/src/controllers/admin/purchase.controller.ts" points to missing source files
Sourcemap for "D:/Users/ZXQL/wt-agents/issue-122/backend/src/services/admin/customer-care.service.ts" points to missing source files
Sourcemap for "D:/Users/ZXQL/wt-agents/issue-122/backend/src/routes/customer-merge.routes.ts" points to missing source files
Sourcemap for "D:/Users/ZXQL/wt-agents/issue-122/backend/src/services/admin/print-templates.ts" points to missing source files
Sourcemap for "D:/Users/ZXQL/wt-agents/issue-122/backend/src/controllers/admin/customer-merge.controller.ts" points to missing source files
Sourcemap for "D:/Users/ZXQL/wt-agents/issue-122/backend/src/services/admin/customer-merge.service.ts" points to missing source files
Sourcemap for "D:/Users/ZXQL/wt-agents/issue-122/backend/src/routes/platform-tenant.routes.ts" points to missing source files
Sourcemap for "D:/Users/ZXQL/wt-agents/issue-122/backend/src/routes/customer-payment.routes.ts" points to missing source files
Sourcemap for "D:/Users/ZXQL/wt-agents/issue-122/backend/src/controllers/platform/tenant.controller.ts" points to missing source files
Sourcemap for "D:/Users/ZXQL/wt-agents/issue-122/backend/src/controllers/customer-payment.controller.ts" points to missing source files
Sourcemap for "D:/Users/ZXQL/wt-agents/issue-122/backend/src/controllers/platform/tenant-usage.controller.ts" points to missing source files
Sourcemap for "D:/Users/ZXQL/wt-agents/issue-122/backend/src/services/platform/tenant-usage.service.ts" points to missing source files
Sourcemap for "D:/Users/ZXQL/wt-agents/issue-122/backend/src/services/admin/customer-payment.service.ts" points to missing source files
Sourcemap for "D:/Users/ZXQL/wt-agents/issue-122/backend/src/routes/customer-price.routes.ts" points to missing source files
Sourcemap for "D:/Users/ZXQL/wt-agents/issue-122/backend/src/controllers/admin/customer-price.controller.ts" points to missing source files
Sourcemap for "D:/Users/ZXQL/wt-agents/issue-122/backend/src/services/admin/customer-price.service.ts" points to missing source files
Sourcemap for "D:/Users/ZXQL/wt-agents/issue-122/backend/src/routes/customer-segment.routes.ts" points to missing source files
Sourcemap for "D:/Users/ZXQL/wt-agents/issue-122/backend/src/controllers/admin/customer-segment.controller.ts" points to missing source files
Sourcemap for "D:/Users/ZXQL/wt-agents/issue-122/backend/src/services/admin/customer-segment.service.ts" points to missing source files
Sourcemap for "D:/Users/ZXQL/wt-agents/issue-122/backend/src/routes/customer-statement.routes.ts" points to missing source files
Sourcemap for "D:/Users/ZXQL/wt-agents/issue-122/backend/src/controllers/customer-statement.controller.ts" points to missing source files
Sourcemap for "D:/Users/ZXQL/wt-agents/issue-122/backend/src/services/admin/customer-statement.service.ts" points to missing source files
Sourcemap for "D:/Users/ZXQL/wt-agents/issue-122/backend/src/routes/customer-tag.routes.ts" points to missing source files
[2026-09-25 07:28:05.900 +0800] [33mWARN[39m (19700): [36m[http-retry] https://oauth-api.cloud.huawei.com/openapi/v1/appid/token 请求失败（Error: token endpoint down），将重试[39m
[2026-09-25 07:28:05.900 +0800] [33mWARN[39m (19700): [36m[http-retry] https://oauth-api.cloud.huawei.com/openapi/v1/appid/token 第 2 次重试（2000ms 后）[39m
Sourcemap for "D:/Users/ZXQL/wt-agents/issue-122/backend/src/controllers/admin/customer-tag.controller.ts" points to missing source files
Sourcemap for "D:/Users/ZXQL/wt-agents/issue-122/backend/src/services/admin/customer-tag.service.ts" points to missing source files
Sourcemap for "D:/Users/ZXQL/wt-agents/issue-122/backend/src/routes/customer-type.routes.ts" points to missing source files
Sourcemap for "D:/Users/ZXQL/wt-agents/issue-122/backend/src/controllers/admin/customer-type.controller.ts" points to missing source files
Sourcemap for "D:/Users/ZXQL/wt-agents/issue-122/backend/src/services/admin/customer-type.service.ts" points to missing source files
Sourcemap for "D:/Users/ZXQL/wt-agents/issue-122/backend/src/routes/customer-visit.routes.ts" points to missing source files
Sourcemap for "D:/Users/ZXQL/wt-agents/issue-122/backend/src/controllers/admin/customer-visit.controller.ts" points to missing source files
Sourcemap for "D:/Users/ZXQL/wt-agents/issue-122/backend/src/services/admin/customer-visit.service.ts" points to missing source files
Sourcemap for "D:/Users/ZXQL/wt-agents/issue-122/backend/src/routes/dashboard.routes.ts" points to missing source files
Sourcemap for "D:/Users/ZXQL/wt-agents/issue-122/backend/src/controllers/admin/dashboard.controller.ts" points to missing source files
Sourcemap for "D:/Users/ZXQL/wt-agents/issue-122/backend/src/services/admin/dashboard.service.ts" points to missing source files
Sourcemap for "D:/Users/ZXQL/wt-agents/issue-122/backend/src/routes/data-permission.routes.ts" points to missing source files
Sourcemap for "D:/Users/ZXQL/wt-agents/issue-122/backend/src/controllers/admin/data-permission.controller.ts" points to missing source files
Sourcemap for "D:/Users/ZXQL/wt-agents/issue-122/backend/src/services/admin/data-permission.service.ts" points to missing source files
Sourcemap for "D:/Users/ZXQL/wt-agents/issue-122/backend/src/__tests__/services/platform/open-webhook.service.test.ts" points to missing source files
Sourcemap for "D:/Users/ZXQL/wt-agents/issue-122/backend/src/routes/data-transfer.routes.ts" points to missing source files
Sourcemap for "D:/Users/ZXQL/wt-agents/issue-122/backend/src/controllers/admin/data-transfer.controller.ts" points to missing source files
Sourcemap for "D:/Users/ZXQL/wt-agents/issue-122/backend/src/services/admin/data-transfer.service.ts" points to missing source files
Sourcemap for "D:/Users/ZXQL/wt-agents/issue-122/backend/src/services/admin/export.service.ts" points to missing source files
Sourcemap for "D:/Users/ZXQL/wt-agents/issue-122/backend/src/routes/demo.routes.ts" points to missing source files
Sourcemap for "D:/Users/ZXQL/wt-agents/issue-122/backend/src/controllers/admin/demo.controller.ts" points to missing source files
Sourcemap for "D:/Users/ZXQL/wt-agents/issue-122/backend/src/__tests__/routes/miniapp-config.test.ts" points to missing source files
Sourcemap for "D:/Users/ZXQL/wt-agents/issue-122/backend/src/services/admin/demo.service.ts" points to missing source files
Sourcemap for "D:/Users/ZXQL/wt-agents/issue-122/backend/src/routes/department.routes.ts" points to missing source files
Sourcemap for "D:/Users/ZXQL/wt-agents/issue-122/backend/src/controllers/admin/department.controller.ts" points to missing source files
Sourcemap for "D:/Users/ZXQL/wt-agents/issue-122/backend/src/services/admin/department.service.ts" points to missing source files
Sourcemap for "D:/Users/ZXQL/wt-agents/issue-122/backend/src/routes/error-log.routes.ts" points to missing source files
Sourcemap for "D:/Users/ZXQL/wt-agents/issue-122/backend/src/controllers/admin/error-log.controller.ts" points to missing source files
Sourcemap for "D:/Users/ZXQL/wt-agents/issue-122/backend/src/services/admin/error-log.service.ts" points to missing source files
Sourcemap for "D:/Users/ZXQL/wt-agents/issue-122/backend/src/routes/expense.routes.ts" points to missing source files
Sourcemap for "D:/Users/ZXQL/wt-agents/issue-122/backend/src/controllers/admin/expense.controller.ts" points to missing source files
Sourcemap for "D:/Users/ZXQL/wt-agents/issue-122/backend/src/services/admin/expense.service.ts" points to missing source files
Sourcemap for "D:/Users/ZXQL/wt-agents/issue-122/backend/src/routes/export.routes.ts" points to missing source files
Sourcemap for "D:/Users/ZXQL/wt-agents/issue-122/backend/src/controllers/admin/export.controller.ts" points to missing source files
Sourcemap for "D:/Users/ZXQL/wt-agents/issue-122/backend/src/routes/feedback.routes.ts" points to missing source files
Sourcemap for "D:/Users/ZXQL/wt-agents/issue-122/backend/src/controllers/admin/feedback.controller.ts" points to missing source files
Sourcemap for "D:/Users/ZXQL/wt-agents/issue-122/backend/src/services/admin/feedback.service.ts" points to missing source files
Sourcemap for "D:/Users/ZXQL/wt-agents/issue-122/backend/src/routes/hardware-callback.routes.ts" points to missing source files
Sourcemap for "D:/Users/ZXQL/wt-agents/issue-122/backend/src/controllers/store/hardware.controller.ts" points to missing source files
Sourcemap for "D:/Users/ZXQL/wt-agents/issue-122/backend/src/routes/miniapp-config.routes.ts" points to missing source files
Sourcemap for "D:/Users/ZXQL/wt-agents/issue-122/backend/src/__tests__/routes/platform-open-webhooks.test.ts" points to missing source files
Sourcemap for "D:/Users/ZXQL/wt-agents/issue-122/backend/src/services/hardware/hardware-config.service.ts" points to missing source files
Sourcemap for "D:/Users/ZXQL/wt-agents/issue-122/backend/src/services/hardware/cloud-speaker.service.ts" points to missing source files
Sourcemap for "D:/Users/ZXQL/wt-agents/issue-122/backend/src/services/hardware/payment-box.service.ts" points to missing source files
Sourcemap for "D:/Users/ZXQL/wt-agents/issue-122/backend/src/controllers/admin/miniapp-config.controller.ts" points to missing source files
Sourcemap for "D:/Users/ZXQL/wt-agents/issue-122/backend/src/services/store/sale-bill.service.ts" points to missing source files
Sourcemap for "D:/Users/ZXQL/wt-agents/issue-122/backend/src/shared/trace-code.ts" points to missing source files
Sourcemap for "D:/Users/ZXQL/wt-agents/issue-122/backend/src/services/hardware/unionpay.service.ts" points to missing source files
Sourcemap for "D:/Users/ZXQL/wt-agents/issue-122/backend/src/routes/instant-retail-admin-ops.routes.ts" points to missing source files
Sourcemap for "D:/Users/ZXQL/wt-agents/issue-122/backend/src/controllers/admin/instant-retail.controller.ts" points to missing source files
Sourcemap for "D:/Users/ZXQL/wt-agents/issue-122/backend/src/services/admin/instant-retail.service.ts" points to missing source files
Sourcemap for "D:/Users/ZXQL/wt-agents/issue-122/backend/src/controllers/platform/tenant-quota.controller.ts" points to missing source files
Sourcemap for "D:/Users/ZXQL/wt-agents/issue-122/backend/src/services/instant-retail/adapters/index.ts" points to missing source files
Sourcemap for "D:/Users/ZXQL/wt-agents/issue-122/backend/src/services/instant-retail/registry.ts" points to missing source files
Sourcemap for "D:/Users/ZXQL/wt-agents/issue-122/backend/src/controllers/platform/tenant-status-stats.controller.ts" points to missing source files
Sourcemap for "D:/Users/ZXQL/wt-agents/issue-122/backend/src/services/instant-retail/adapters/jd-adapter.ts" points to missing source files
Sourcemap for "D:/Users/ZXQL/wt-agents/issue-122/backend/src/services/platform/tenant-status-stats.service.ts" points to missing source files
Sourcemap for "D:/Users/ZXQL/wt-agents/issue-122/backend/src/services/instant-retail/base-adapter.ts" points to missing source files
Sourcemap for "D:/Users/ZXQL/wt-agents/issue-122/backend/src/controllers/platform/tenant-export.controller.ts" points to missing source files
Sourcemap for "D:/Users/ZXQL/wt-agents/issue-122/backend/src/services/instant-retail/http-client.ts" points to missing source files
Sourcemap for "D:/Users/ZXQL/wt-agents/issue-122/backend/src/services/platform/tenant-export.service.ts" points to missing source files
Sourcemap for "D:/Users/ZXQL/wt-agents/issue-122/backend/src/services/instant-retail/adapters/meituan-adapter.ts" points to missing source files
Sourcemap for "D:/Users/ZXQL/wt-agents/issue-122/backend/src/controllers/platform/tenant-overview.controller.ts" points to missing source files
Sourcemap for "D:/Users/ZXQL/wt-agents/issue-122/backend/src/__tests__/routes/ai-platform.test.ts" points to missing source files
Sourcemap for "D:/Users/ZXQL/wt-agents/issue-122/backend/src/services/instant-retail/adapters/eleme-adapter.ts" points to missing source files
Sourcemap for "D:/Users/ZXQL/wt-agents/issue-122/backend/src/services/platform/tenant-overview.service.ts" points to missing source files
Sourcemap for "D:/Users/ZXQL/wt-agents/issue-122/backend/src/__tests__/routes/custom-report.test.ts" points to missing source files
Sourcemap for "D:/Users/ZXQL/wt-agents/issue-122/backend/src/services/instant-retail/common.service.ts" points to missing source files
Sourcemap for "D:/Users/ZXQL/wt-agents/issue-122/backend/src/controllers/platform/tenant-ops.controller.ts" points to missing source files
Sourcemap for "D:/Users/ZXQL/wt-agents/issue-122/backend/src/services/instant-retail/shortage-handler.service.ts" points to missing source files
Sourcemap for "D:/Users/ZXQL/wt-agents/issue-122/backend/src/services/platform/tenant-ops.service.ts" points to missing source files
Sourcemap for "D:/Users/ZXQL/wt-agents/issue-122/backend/src/services/instant-retail/retail-shop.service.ts" points to missing source files
Sourcemap for "D:/Users/ZXQL/wt-agents/issue-122/backend/src/controllers/admin/instant-retail-ext.controller.ts" points to missing source files
Sourcemap for "D:/Users/ZXQL/wt-agents/issue-122/backend/src/services/instant-retail/retail-ops-ext.service.ts" points to missing source files
[2026-09-25 07:28:07.914 +0800] [31mERROR[39m (19700): [36m[push.hms] 获取 access_token 失败: token endpoint down[39m
[2026-09-25 07:28:07.920 +0800] [33mWARN[39m (19700): [36m[http-retry] https://push-api.cloud.huawei.com/v2/appid/messages:send 返回 500，将重试[39m
[2026-09-25 07:28:07.920 +0800] [33mWARN[39m (19700): [36m[http-retry] https://push-api.cloud.huawei.com/v2/appid/messages:send 第 1 次重试（1000ms 后）[39m
Sourcemap for "D:/Users/ZXQL/wt-agents/issue-122/backend/src/controllers/instant-retail/review.controller.ts" points to missing source files
Sourcemap for "D:/Users/ZXQL/wt-agents/issue-122/backend/src/services/instant-retail/review.service.ts" points to missing source files
Sourcemap for "D:/Users/ZXQL/wt-agents/issue-122/backend/src/controllers/instant-retail/reconciliation.controller.ts" points to missing source files
Sourcemap for "D:/Users/ZXQL/wt-agents/issue-122/backend/src/services/instant-retail/reconciliation.service.ts" points to missing source files
Sourcemap for "D:/Users/ZXQL/wt-agents/issue-122/backend/src/controllers/instant-retail/analytics.controller.ts" points to missing source files
Sourcemap for "D:/Users/ZXQL/wt-agents/issue-122/backend/src/services/instant-retail/retail-analytics.service.ts" points to missing source files
Sourcemap for "D:/Users/ZXQL/wt-agents/issue-122/backend/src/__tests__/routes/retail-announcement.test.ts" points to missing source files
Sourcemap for "D:/Users/ZXQL/wt-agents/issue-122/backend/src/controllers/admin/instant-retail-fix.controller.ts" points to missing source files
Sourcemap for "D:/Users/ZXQL/wt-agents/issue-122/backend/src/services/admin/instant-retail-fix.service.ts" points to missing source files
Sourcemap for "D:/Users/ZXQL/wt-agents/issue-122/backend/src/routes/instant-retail-admin-platform.routes.ts" points to missing source files
Sourcemap for "D:/Users/ZXQL/wt-agents/issue-122/backend/src/controllers/instant-retail/platform-integration.controller.ts" points to missing source files
Sourcemap for "D:/Users/ZXQL/wt-agents/issue-122/backend/src/services/instant-retail/platform-integration.service.ts" points to missing source files
Sourcemap for "D:/Users/ZXQL/wt-agents/issue-122/backend/src/routes/instant-retail-store.routes.ts" points to missing source files
Sourcemap for "D:/Users/ZXQL/wt-agents/issue-122/backend/src/controllers/instant-retail/order-receiving.controller.ts" points to missing source files
Sourcemap for "D:/Users/ZXQL/wt-agents/issue-122/backend/src/services/instant-retail/order-receiving.service.ts" points to missing source files
Sourcemap for "D:/Users/ZXQL/wt-agents/issue-122/backend/src/controllers/instant-retail/fulfillment.controller.ts" points to missing source files
Sourcemap for "D:/Users/ZXQL/wt-agents/issue-122/backend/src/services/instant-retail/fulfillment.service.ts" points to missing source files
Sourcemap for "D:/Users/ZXQL/wt-agents/issue-122/backend/src/routes/retail-announcement.routes.ts" points to missing source files
Sourcemap for "D:/Users/ZXQL/wt-agents/issue-122/backend/src/middleware/store-auth.ts" points to missing source files
Sourcemap for "D:/Users/ZXQL/wt-agents/issue-122/backend/src/controllers/admin/retail-announcement.controller.ts" points to missing source files
Sourcemap for "D:/Users/ZXQL/wt-agents/issue-122/backend/src/routes/instant-retail-webhook.routes.ts" points to missing source files
Sourcemap for "D:/Users/ZXQL/wt-agents/issue-122/backend/src/services/admin/inventory-batch.service.ts" points to missing source files
Sourcemap for "D:/Users/ZXQL/wt-agents/issue-122/backend/src/routes/inventory-cost.routes.ts" points to missing source files
Sourcemap for "D:/Users/ZXQL/wt-agents/issue-122/backend/src/controllers/admin/inventory-cost.controller.ts" points to missing source files
Sourcemap for "D:/Users/ZXQL/wt-agents/issue-122/backend/src/services/admin/inventory-cost.service.ts" points to missing source files
Sourcemap for "D:/Users/ZXQL/wt-agents/issue-122/backend/src/routes/inventory-loss-gain.routes.ts" points to missing source files
Sourcemap for "D:/Users/ZXQL/wt-agents/issue-122/backend/src/controllers/admin/inventory-loss-gain.controller.ts" points to missing source files
Sourcemap for "D:/Users/ZXQL/wt-agents/issue-122/backend/src/services/admin/inventory-loss-gain.service.ts" points to missing source files
Sourcemap for "D:/Users/ZXQL/wt-agents/issue-122/backend/src/routes/inventory-profit-loss.routes.ts" points to missing source files
[2026-09-25 07:28:08.930 +0800] [33mWARN[39m (19700): [36m[http-retry] https://push-api.cloud.huawei.com/v2/appid/messages:send 返回 500，将重试[39m
[2026-09-25 07:28:08.930 +0800] [33mWARN[39m (19700): [36m[http-retry] https://push-api.cloud.huawei.com/v2/appid/messages:send 第 2 次重试（2000ms 后）[39m
Sourcemap for "D:/Users/ZXQL/wt-agents/issue-122/backend/src/controllers/admin/inventory-loss-order.controller.ts" points to missing source files
Sourcemap for "D:/Users/ZXQL/wt-agents/issue-122/backend/src/services/admin/inventory-loss-order.service.ts" points to missing source files
Sourcemap for "D:/Users/ZXQL/wt-agents/issue-122/backend/src/controllers/admin/inventory-profit-order.controller.ts" points to missing source files
Sourcemap for "D:/Users/ZXQL/wt-agents/issue-122/backend/src/services/admin/inventory-profit-order.service.ts" points to missing source files
Sourcemap for "D:/Users/ZXQL/wt-agents/issue-122/backend/src/controllers/admin/profit-loss-stats.controller.ts" points to missing source files
Sourcemap for "D:/Users/ZXQL/wt-agents/issue-122/backend/src/__tests__/routes/platform-billing-arrears.test.ts" points to missing source files
Sourcemap for "D:/Users/ZXQL/wt-agents/issue-122/backend/src/services/admin/profit-loss-stats.service.ts" points to missing source files
Sourcemap for "D:/Users/ZXQL/wt-agents/issue-122/backend/src/routes/inventory-share.routes.ts" points to missing source files
Sourcemap for "D:/Users/ZXQL/wt-agents/issue-122/backend/src/controllers/admin/inventory-share.controller.ts" points to missing source files
Sourcemap for "D:/Users/ZXQL/wt-agents/issue-122/backend/src/services/admin/inventory-share.service.ts" points to missing source files
Sourcemap for "D:/Users/ZXQL/wt-agents/issue-122/backend/src/routes/marketing-asset.routes.ts" points to missing source files
Sourcemap for "D:/Users/ZXQL/wt-agents/issue-122/backend/src/__tests__/routes/points-mall.test.ts" points to missing source files
Sourcemap for "D:/Users/ZXQL/wt-agents/issue-122/backend/src/controllers/admin/marketing-asset.controller.ts" points to missing source files
Sourcemap for "D:/Users/ZXQL/wt-agents/issue-122/backend/src/services/admin/marketing-asset.service.ts" points to missing source files
Sourcemap for "D:/Users/ZXQL/wt-agents/issue-122/backend/src/routes/marketing-dashboard.routes.ts" points to missing source files
Sourcemap for "D:/Users/ZXQL/wt-agents/issue-122/backend/src/controllers/admin/marketing-dashboard.controller.ts" points to missing source files
Sourcemap for "D:/Users/ZXQL/wt-agents/issue-122/backend/src/services/admin/marketing-dashboard.service.ts" points to missing source files
Sourcemap for "D:/Users/ZXQL/wt-agents/issue-122/backend/src/routes/marketing-gift-rule.routes.ts" points to missing source files
Sourcemap for "D:/Users/ZXQL/wt-agents/issue-122/backend/src/controllers/admin/marketing-gift-rule.controller.ts" points to missing source files
Sourcemap for "D:/Users/ZXQL/wt-agents/issue-122/backend/src/services/admin/marketing-gift-rule.service.ts" points to missing source files
Sourcemap for "D:/Users/ZXQL/wt-agents/issue-122/backend/src/routes/marketing-limited-discount.routes.ts" points to missing source files
Sourcemap for "D:/Users/ZXQL/wt-agents/issue-122/backend/src/controllers/admin/marketing-limited-discount.controller.ts" points to missing source files
Sourcemap for "D:/Users/ZXQL/wt-agents/issue-122/backend/src/services/admin/marketing-limited-discount.service.ts" points to missing source files
Sourcemap for "D:/Users/ZXQL/wt-agents/issue-122/backend/src/__tests__/routes/platform-s3-110.test.ts" points to missing source files
Sourcemap for "D:/Users/ZXQL/wt-agents/issue-122/backend/src/routes/marketing-material.routes.ts" points to missing source files
Sourcemap for "D:/Users/ZXQL/wt-agents/issue-122/backend/src/controllers/admin/marketing-material.controller.ts" points to missing source files
Sourcemap for "D:/Users/ZXQL/wt-agents/issue-122/backend/src/services/admin/marketing-material.service.ts" points to missing source files
Sourcemap for "D:/Users/ZXQL/wt-agents/issue-122/backend/src/routes/platform-billing-arrears.routes.ts" points to missing source files
Sourcemap for "D:/Users/ZXQL/wt-agents/issue-122/backend/src/routes/marketing-miniapp.routes.ts" points to missing source files
Sourcemap for "D:/Users/ZXQL/wt-agents/issue-122/backend/src/controllers/platform/platform-billing-arrears.controller.ts" points to missing source files
Sourcemap for "D:/Users/ZXQL/wt-agents/issue-122/backend/src/controllers/admin/marketing-coupon.controller.ts" points to missing source files
Sourcemap for "D:/Users/ZXQL/wt-agents/issue-122/backend/src/__tests__/routes/platform-announcement-templates.test.ts" points to missing source files
Sourcemap for "D:/Users/ZXQL/wt-agents/issue-122/backend/src/services/admin/marketing-coupon.service.ts" points to missing source files
Sourcemap for "D:/Users/ZXQL/wt-agents/issue-122/backend/src/routes/marketing-points-mall.routes.ts" points to missing source files
Sourcemap for "D:/Users/ZXQL/wt-agents/issue-122/backend/src/routes/points-mall.routes.ts" points to missing source files
Sourcemap for "D:/Users/ZXQL/wt-agents/issue-122/backend/src/controllers/admin/marketing-points-mall.controller.ts" points to missing source files
Sourcemap for "D:/Users/ZXQL/wt-agents/issue-122/backend/src/services/admin/marketing-points-mall.service.ts" points to missing source files
Sourcemap for "D:/Users/ZXQL/wt-agents/issue-122/backend/src/controllers/admin/points-mall.controller.ts" points to missing source files
Sourcemap for "D:/Users/ZXQL/wt-agents/issue-122/backend/src/services/platform/platform-billing-arrears.service.ts" points to missing source files
Sourcemap for "D:/Users/ZXQL/wt-agents/issue-122/backend/src/routes/member-register.routes.ts" points to missing source files
Sourcemap for "D:/Users/ZXQL/wt-agents/issue-122/backend/src/services/admin/notification.service.ts" points to missing source files
Sourcemap for "D:/Users/ZXQL/wt-agents/issue-122/backend/src/controllers/admin/member-register.controller.ts" points to missing source files
Sourcemap for "D:/Users/ZXQL/wt-agents/issue-122/backend/src/routes/menu-permission.routes.ts" points to missing source files
Sourcemap for "D:/Users/ZXQL/wt-agents/issue-122/backend/src/controllers/admin/menu-permission.controller.ts" points to missing source files
Sourcemap for "D:/Users/ZXQL/wt-agents/issue-122/backend/src/services/admin/menu-permission.service.ts" points to missing source files
Sourcemap for "D:/Users/ZXQL/wt-agents/issue-122/backend/src/services/admin/miniapp-config.service.ts" points to missing source files
Sourcemap for "D:/Users/ZXQL/wt-agents/issue-122/backend/src/services/admin/miniapp-package.service.ts" points to missing source files
Sourcemap for "D:/Users/ZXQL/wt-agents/issue-122/backend/src/shared/zip.ts" points to missing source files
Sourcemap for "D:/Users/ZXQL/wt-agents/issue-122/backend/src/services/admin/miniapp-package-builder.ts" points to missing source files
Sourcemap for "D:/Users/ZXQL/wt-agents/issue-122/backend/src/services/admin/miniapp-upload.service.ts" points to missing source files
Sourcemap for "D:/Users/ZXQL/wt-agents/issue-122/backend/src/services/admin/miniapp-publish.service.ts" points to missing source files
Sourcemap for "D:/Users/ZXQL/wt-agents/issue-122/backend/src/services/admin/miniapp-ci.service.ts" points to missing source files
Sourcemap for "D:/Users/ZXQL/wt-agents/issue-122/backend/src/routes/miniapp-order-sync.routes.ts" points to missing source files
Sourcemap for "D:/Users/ZXQL/wt-agents/issue-122/backend/src/controllers/admin/miniapp-order-sync.controller.ts" points to missing source files
Sourcemap for "D:/Users/ZXQL/wt-agents/issue-122/backend/src/services/admin/miniapp-order-sync.service.ts" points to missing source files
Sourcemap for "D:/Users/ZXQL/wt-agents/issue-122/backend/src/routes/miniapp.routes.ts" points to missing source files
Sourcemap for "D:/Users/ZXQL/wt-agents/issue-122/backend/src/controllers/miniapp/miniapp.controller.ts" points to missing source files
Sourcemap for "D:/Users/ZXQL/wt-agents/issue-122/backend/src/services/miniapp.service.ts" points to missing source files
Sourcemap for "D:/Users/ZXQL/wt-agents/issue-122/backend/src/services/miniapp/cart.service.ts" points to missing source files
Sourcemap for "D:/Users/ZXQL/wt-agents/issue-122/backend/src/services/miniapp/retail-consumer-address.service.ts" points to missing source files
Sourcemap for "D:/Users/ZXQL/wt-agents/issue-122/backend/src/services/miniapp/member.service.ts" points to missing source files
Sourcemap for "D:/Users/ZXQL/wt-agents/issue-122/backend/src/services/miniapp/wholesale.service.ts" points to missing source files
Sourcemap for "D:/Users/ZXQL/wt-agents/issue-122/backend/src/routes/monitor-slow-query.routes.ts" points to missing source files
Sourcemap for "D:/Users/ZXQL/wt-agents/issue-122/backend/src/controllers/admin/monitor-slow-query.controller.ts" points to missing source files
Sourcemap for "D:/Users/ZXQL/wt-agents/issue-122/backend/src/routes/monitor-system.routes.ts" points to missing source files
Sourcemap for "D:/Users/ZXQL/wt-agents/issue-122/backend/src/controllers/admin/monitor-system.controller.ts" points to missing source files
Sourcemap for "D:/Users/ZXQL/wt-agents/issue-122/backend/src/services/admin/system-monitor.service.ts" points to missing source files
Sourcemap for "D:/Users/ZXQL/wt-agents/issue-122/backend/src/routes/monitor.routes.ts" points to missing source files
Sourcemap for "D:/Users/ZXQL/wt-agents/issue-122/backend/src/routes/notification.routes.ts" points to missing source files
Sourcemap for "D:/Users/ZXQL/wt-agents/issue-122/backend/src/controllers/admin/notification.controller.ts" points to missing source files
Sourcemap for "D:/Users/ZXQL/wt-agents/issue-122/backend/src/__tests__/routes/payment-config.test.ts" points to missing source files
Sourcemap for "D:/Users/ZXQL/wt-agents/issue-122/backend/src/routes/open-library.routes.ts" points to missing source files
Sourcemap for "D:/Users/ZXQL/wt-agents/issue-122/backend/src/middleware/api-key-auth.ts" points to missing source files
Sourcemap for "D:/Users/ZXQL/wt-agents/issue-122/backend/src/controllers/open/library.controller.ts" points to missing source files
Sourcemap for "D:/Users/ZXQL/wt-agents/issue-122/backend/src/routes/operation-log.routes.ts" points to missing source files
Sourcemap for "D:/Users/ZXQL/wt-agents/issue-122/backend/src/controllers/admin/operation-log.controller.ts" points to missing source files
[2026-09-25 07:28:10.947 +0800] [31mERROR[39m (19700): [36m[push.hms] 推送失败: HTTP 500[39m
[2026-09-25 07:28:10.948 +0800] [33mWARN[39m (19700): [36m[http-retry] https://push-api.cloud.huawei.com/v2/appid/messages:send 请求失败（Error: push endpoint down），将重试[39m
[2026-09-25 07:28:10.949 +0800] [33mWARN[39m (19700): [36m[http-retry] https://push-api.cloud.huawei.com/v2/appid/messages:send 第 1 次重试（1000ms 后）[39m
Sourcemap for "D:/Users/ZXQL/wt-agents/issue-122/backend/src/services/admin/operation-log.service.ts" points to missing source files
Sourcemap for "D:/Users/ZXQL/wt-agents/issue-122/backend/src/__tests__/routes/platform-r97.test.ts" points to missing source files
Sourcemap for "D:/Users/ZXQL/wt-agents/issue-122/backend/src/routes/order-exception.routes.ts" points to missing source files
Sourcemap for "D:/Users/ZXQL/wt-agents/issue-122/backend/src/controllers/admin/order-exception.controller.ts" points to missing source files
Sourcemap for "D:/Users/ZXQL/wt-agents/issue-122/backend/src/routes/order-timeout.routes.ts" points to missing source files
Sourcemap for "D:/Users/ZXQL/wt-agents/issue-122/backend/src/controllers/order-timeout.controller.ts" points to missing source files
Sourcemap for "D:/Users/ZXQL/wt-agents/issue-122/backend/src/services/admin/order-timeout.service.ts" points to missing source files
Sourcemap for "D:/Users/ZXQL/wt-agents/issue-122/backend/src/routes/payment-config.routes.ts" points to missing source files
Sourcemap for "D:/Users/ZXQL/wt-agents/issue-122/backend/src/controllers/admin/payment-config.controller.ts" points to missing source files
Sourcemap for "D:/Users/ZXQL/wt-agents/issue-122/backend/src/__tests__/routes/platform-reconciliation.test.ts" points to missing source files
Sourcemap for "D:/Users/ZXQL/wt-agents/issue-122/backend/src/services/admin/payment-config.service.ts" points to missing source files
Sourcemap for "D:/Users/ZXQL/wt-agents/issue-122/backend/src/routes/payment-new.routes.ts" points to missing source files
Sourcemap for "D:/Users/ZXQL/wt-agents/issue-122/backend/src/controllers/admin/payment-new.controller.ts" points to missing source files
Sourcemap for "D:/Users/ZXQL/wt-agents/issue-122/backend/src/services/admin/payment-new.service.ts" points to missing source files
Sourcemap for "D:/Users/ZXQL/wt-agents/issue-122/backend/src/routes/payment.routes.ts" points to missing source files
Sourcemap for "D:/Users/ZXQL/wt-agents/issue-122/backend/src/shared/wechat-pay.ts" points to missing source files
Sourcemap for "D:/Users/ZXQL/wt-agents/issue-122/backend/src/config/wechat-pay.ts" points to missing source files
Sourcemap for "D:/Users/ZXQL/wt-agents/issue-122/backend/src/controllers/admin/payment.controller.ts" points to missing source files
Sourcemap for "D:/Users/ZXQL/wt-agents/issue-122/backend/src/services/admin/payment.service.ts" points to missing source files
Sourcemap for "D:/Users/ZXQL/wt-agents/issue-122/backend/src/routes/platform-applications.routes.ts" points to missing source files
Sourcemap for "D:/Users/ZXQL/wt-agents/issue-122/backend/src/routes/platform-error-log.routes.ts" points to missing source files
Sourcemap for "D:/Users/ZXQL/wt-agents/issue-122/backend/src/controllers/admin/tenant-register.controller.ts" points to missing source files
Sourcemap for "D:/Users/ZXQL/wt-agents/issue-122/backend/src/controllers/platform/error-log.controller.ts" points to missing source files
Sourcemap for "D:/Users/ZXQL/wt-agents/issue-122/backend/src/services/tenant-register.service.ts" points to missing source files
Sourcemap for "D:/Users/ZXQL/wt-agents/issue-122/backend/src/routes/platform-dashboard.routes.ts" points to missing source files
Sourcemap for "D:/Users/ZXQL/wt-agents/issue-122/backend/src/services/platform/captcha.service.ts" points to missing source files
Sourcemap for "D:/Users/ZXQL/wt-agents/issue-122/backend/src/controllers/platform/dashboard.controller.ts" points to missing source files
Sourcemap for "D:/Users/ZXQL/wt-agents/issue-122/backend/src/services/platform-tenant.service.ts" points to missing source files
Sourcemap for "D:/Users/ZXQL/wt-agents/issue-122/backend/src/routes/platform-miniapp.routes.ts" points to missing source files
Sourcemap for "D:/Users/ZXQL/wt-agents/issue-122/backend/src/routes/platform-reconciliation.routes.ts" points to missing source files
Sourcemap for "D:/Users/ZXQL/wt-agents/issue-122/backend/src/controllers/platform-miniapp.controller.ts" points to missing source files
Sourcemap for "D:/Users/ZXQL/wt-agents/issue-122/backend/src/controllers/admin/platform-reconciliation.controller.ts" points to missing source files
Sourcemap for "D:/Users/ZXQL/wt-agents/issue-122/backend/src/services/platform-miniapp.service.ts" points to missing source files
Sourcemap for "D:/Users/ZXQL/wt-agents/issue-122/backend/src/controllers/platform/platform-reconciliation.controller.ts" points to missing source files
Sourcemap for "D:/Users/ZXQL/wt-agents/issue-122/backend/src/routes/platform-msg-config.routes.ts" points to missing source files
Sourcemap for "D:/Users/ZXQL/wt-agents/issue-122/backend/src/controllers/platform/msg-config.controller.ts" points to missing source files
Sourcemap for "D:/Users/ZXQL/wt-agents/issue-122/backend/src/services/platform/msg-config.service.ts" points to missing source files
Sourcemap for "D:/Users/ZXQL/wt-agents/issue-122/backend/src/routes/platform-plans.routes.ts" points to missing source files
Sourcemap for "D:/Users/ZXQL/wt-agents/issue-122/backend/src/controllers/admin/subscription-plan.controller.ts" points to missing source files
Sourcemap for "D:/Users/ZXQL/wt-agents/issue-122/backend/src/services/admin/subscription-plan.service.ts" points to missing source files
[2026-09-25 07:28:11.955 +0800] [33mWARN[39m (19700): [36m[http-retry] https://push-api.cloud.huawei.com/v2/appid/messages:send 请求失败（Error: push endpoint down），将重试[39m
[2026-09-25 07:28:11.955 +0800] [33mWARN[39m (19700): [36m[http-retry] https://push-api.cloud.huawei.com/v2/appid/messages:send 第 2 次重试（2000ms 后）[39m
Sourcemap for "D:/Users/ZXQL/wt-agents/issue-122/backend/src/services/platform/plan-policy.service.ts" points to missing source files
Sourcemap for "D:/Users/ZXQL/wt-agents/issue-122/backend/src/schemas/plan.schema.ts" points to missing source files
Sourcemap for "D:/Users/ZXQL/wt-agents/issue-122/backend/src/controllers/platform/plan-upgrade-flow.controller.ts" points to missing source files
Sourcemap for "D:/Users/ZXQL/wt-agents/issue-122/backend/src/services/platform/plan-upgrade-flow.service.ts" points to missing source files
Sourcemap for "D:/Users/ZXQL/wt-agents/issue-122/backend/src/controllers/platform/plan-copy.controller.ts" points to missing source files
Sourcemap for "D:/Users/ZXQL/wt-agents/issue-122/backend/src/services/platform/plan-copy.service.ts" points to missing source files
Sourcemap for "D:/Users/ZXQL/wt-agents/issue-122/backend/src/services/admin/platform-reconciliation.service.ts" points to missing source files
Sourcemap for "D:/Users/ZXQL/wt-agents/issue-122/backend/src/routes/platform-review.routes.ts" points to missing source files
Sourcemap for "D:/Users/ZXQL/wt-agents/issue-122/backend/src/controllers/admin/platform-review.controller.ts" points to missing source files
Sourcemap for "D:/Users/ZXQL/wt-agents/issue-122/backend/src/services/admin/platform-review.service.ts" points to missing source files
Sourcemap for "D:/Users/ZXQL/wt-agents/issue-122/backend/src/routes/platform-subscription-applies.routes.ts" points to missing source files
Sourcemap for "D:/Users/ZXQL/wt-agents/issue-122/backend/src/controllers/platform/platform-subscription-apply.controller.ts" points to missing source files
Sourcemap for "D:/Users/ZXQL/wt-agents/issue-122/backend/src/services/platform/platform-template.service.ts" points to missing source files
Sourcemap for "D:/Users/ZXQL/wt-agents/issue-122/backend/src/services/platform/platform-print-template.service.ts" points to missing source files
Sourcemap for "D:/Users/ZXQL/wt-agents/issue-122/backend/src/services/platform/platform-io-template.service.ts" points to missing source files
Sourcemap for "D:/Users/ZXQL/wt-agents/issue-122/backend/src/__tests__/routes/sale-return.test.ts" points to missing source files
Sourcemap for "D:/Users/ZXQL/wt-agents/issue-122/backend/src/services/admin/points-mall.service.ts" points to missing source files
Sourcemap for "D:/Users/ZXQL/wt-agents/issue-122/backend/src/routes/points.routes.ts" points to missing source files
Sourcemap for "D:/Users/ZXQL/wt-agents/issue-122/backend/src/controllers/admin/points.controller.ts" points to missing source files
Sourcemap for "D:/Users/ZXQL/wt-agents/issue-122/backend/src/services/admin/points.service.ts" points to missing source files
Sourcemap for "D:/Users/ZXQL/wt-agents/issue-122/backend/src/routes/position.routes.ts" points to missing source files
Sourcemap for "D:/Users/ZXQL/wt-agents/issue-122/backend/src/controllers/admin/position.controller.ts" points to missing source files
Sourcemap for "D:/Users/ZXQL/wt-agents/issue-122/backend/src/services/admin/position.service.ts" points to missing source files
Sourcemap for "D:/Users/ZXQL/wt-agents/issue-122/backend/src/routes/price.routes.ts" points to missing source files
Sourcemap for "D:/Users/ZXQL/wt-agents/issue-122/backend/src/controllers/admin/price-level.controller.ts" points to missing source files
Sourcemap for "D:/Users/ZXQL/wt-agents/issue-122/backend/src/services/admin/price-level.service.ts" points to missing source files
Sourcemap for "D:/Users/ZXQL/wt-agents/issue-122/backend/src/controllers/admin/price-management.controller.ts" points to missing source files
Sourcemap for "D:/Users/ZXQL/wt-agents/issue-122/backend/src/services/admin/price-management.service.ts" points to missing source files
Sourcemap for "D:/Users/ZXQL/wt-agents/issue-122/backend/src/__tests__/shared/migration.test.ts" points to missing source files
Sourcemap for "D:/Users/ZXQL/wt-agents/issue-122/backend/src/controllers/admin/batch-price.controller.ts" points to missing source files
Sourcemap for "D:/Users/ZXQL/wt-agents/issue-122/backend/src/services/admin/batch-price.service.ts" points to missing source files
Sourcemap for "D:/Users/ZXQL/wt-agents/issue-122/backend/src/controllers/admin/price-review.controller.ts" points to missing source files
Sourcemap for "D:/Users/ZXQL/wt-agents/issue-122/backend/src/routes/sale-return.routes.ts" points to missing source files
Sourcemap for "D:/Users/ZXQL/wt-agents/issue-122/backend/src/services/admin/price-review.service.ts" points to missing source files
Sourcemap for "D:/Users/ZXQL/wt-agents/issue-122/backend/src/controllers/admin/sale-return.controller.ts" points to missing source files
Sourcemap for "D:/Users/ZXQL/wt-agents/issue-122/backend/src/routes/print.routes.ts" points to missing source files
Sourcemap for "D:/Users/ZXQL/wt-agents/issue-122/backend/src/controllers/admin/print.controller.ts" points to missing source files
Sourcemap for "D:/Users/ZXQL/wt-agents/issue-122/backend/src/services/admin/print.service.ts" points to missing source files
Sourcemap for "D:/Users/ZXQL/wt-agents/issue-122/backend/src/routes/product-bundle.routes.ts" points to missing source files
Sourcemap for "D:/Users/ZXQL/wt-agents/issue-122/backend/src/__tests__/routes/retail-consumer-address.test.ts" points to missing source files
Sourcemap for "D:/Users/ZXQL/wt-agents/issue-122/backend/src/controllers/admin/product-bundle.controller.ts" points to missing source files
Sourcemap for "D:/Users/ZXQL/wt-agents/issue-122/backend/src/services/admin/product-bundle.service.ts" points to missing source files
Sourcemap for "D:/Users/ZXQL/wt-agents/issue-122/backend/src/controllers/admin/combo-product.controller.ts" points to missing source files
Sourcemap for "D:/Users/ZXQL/wt-agents/issue-122/backend/src/services/admin/combo-product.service.ts" points to missing source files
Sourcemap for "D:/Users/ZXQL/wt-agents/issue-122/backend/src/routes/product-marketing-tag.routes.ts" points to missing source files
Sourcemap for "D:/Users/ZXQL/wt-agents/issue-122/backend/src/controllers/admin/product-marketing-tag.controller.ts" points to missing source files
Sourcemap for "D:/Users/ZXQL/wt-agents/issue-122/backend/src/services/admin/product-marketing-tag.service.ts" points to missing source files
Sourcemap for "D:/Users/ZXQL/wt-agents/issue-122/backend/src/routes/product-review.routes.ts" points to missing source files
Sourcemap for "D:/Users/ZXQL/wt-agents/issue-122/backend/src/controllers/admin/product-review.controller.ts" points to missing source files
Sourcemap for "D:/Users/ZXQL/wt-agents/issue-122/backend/src/__tests__/routes/platform-review.test.ts" points to missing source files
Sourcemap for "D:/Users/ZXQL/wt-agents/issue-122/backend/src/services/admin/product-review.service.ts" points to missing source files
Sourcemap for "D:/Users/ZXQL/wt-agents/issue-122/backend/src/routes/purchase-contract.routes.ts" points to missing source files
Sourcemap for "D:/Users/ZXQL/wt-agents/issue-122/backend/src/middleware/storage-guard.ts" points to missing source files
Sourcemap for "D:/Users/ZXQL/wt-agents/issue-122/backend/src/controllers/admin/purchase-contract.controller.ts" points to missing source files
Sourcemap for "D:/Users/ZXQL/wt-agents/issue-122/backend/src/services/admin/purchase-contract.service.ts" points to missing source files
Sourcemap for "D:/Users/ZXQL/wt-agents/issue-122/backend/src/routes/purchase-in-stock.routes.ts" points to missing source files
Sourcemap for "D:/Users/ZXQL/wt-agents/issue-122/backend/src/controllers/purchase-in-stock.controller.ts" points to missing source files
Sourcemap for "D:/Users/ZXQL/wt-agents/issue-122/backend/src/services/admin/purchase-in-stock.service.ts" points to missing source files
Sourcemap for "D:/Users/ZXQL/wt-agents/issue-122/backend/src/routes/purchase-payment.routes.ts" points to missing source files
Sourcemap for "D:/Users/ZXQL/wt-agents/issue-122/backend/src/routes/retail-consumer-address.routes.ts" points to missing source files
Sourcemap for "D:/Users/ZXQL/wt-agents/issue-122/backend/src/controllers/purchase-payment.controller.ts" points to missing source files
Sourcemap for "D:/Users/ZXQL/wt-agents/issue-122/backend/src/controllers/admin/retail-consumer-address.controller.ts" points to missing source files
Sourcemap for "D:/Users/ZXQL/wt-agents/issue-122/backend/src/services/admin/purchase-payment.service.ts" points to missing source files
Sourcemap for "D:/Users/ZXQL/wt-agents/issue-122/backend/src/routes/purchase-plan.routes.ts" points to missing source files
Sourcemap for "D:/Users/ZXQL/wt-agents/issue-122/backend/src/controllers/admin/purchase-plan.controller.ts" points to missing source files
Sourcemap for "D:/Users/ZXQL/wt-agents/issue-122/backend/src/services/admin/purchase-plan.service.ts" points to missing source files
Sourcemap for "D:/Users/ZXQL/wt-agents/issue-122/backend/src/routes/purchase-return.routes.ts" points to missing source files
Sourcemap for "D:/Users/ZXQL/wt-agents/issue-122/backend/src/controllers/purchase-return.controller.ts" points to missing source files
Sourcemap for "D:/Users/ZXQL/wt-agents/issue-122/backend/src/services/admin/purchase-return.service.ts" points to missing source files
Sourcemap for "D:/Users/ZXQL/wt-agents/issue-122/backend/src/services/purchase.service.ts" points to missing source files
Sourcemap for "D:/Users/ZXQL/wt-agents/issue-122/backend/src/routes/push.routes.ts" points to missing source files
Sourcemap for "D:/Users/ZXQL/wt-agents/issue-122/backend/src/controllers/admin/push.controller.ts" points to missing source files
Sourcemap for "D:/Users/ZXQL/wt-agents/issue-122/backend/src/routes/rbac.routes.ts" points to missing source files
Sourcemap for "D:/Users/ZXQL/wt-agents/issue-122/backend/src/__tests__/routes/marketing-asset.test.ts" points to missing source files
Sourcemap for "D:/Users/ZXQL/wt-agents/issue-122/backend/src/controllers/admin/rbac.controller.ts" points to missing source files
Sourcemap for "D:/Users/ZXQL/wt-agents/issue-122/backend/src/services/admin/rbac.service.ts" points to missing source files
Sourcemap for "D:/Users/ZXQL/wt-agents/issue-122/backend/src/middleware/rbac-auth.ts" points to missing source files
Sourcemap for "D:/Users/ZXQL/wt-agents/issue-122/backend/src/routes/receipt.routes.ts" points to missing source files
Sourcemap for "D:/Users/ZXQL/wt-agents/issue-122/backend/src/__tests__/routes/user-session.test.ts" points to missing source files
Sourcemap for "D:/Users/ZXQL/wt-agents/issue-122/backend/src/controllers/admin/receipt.controller.ts" points to missing source files
Sourcemap for "D:/Users/ZXQL/wt-agents/issue-122/backend/src/services/admin/receipt.service.ts" points to missing source files
Sourcemap for "D:/Users/ZXQL/wt-agents/issue-122/backend/src/routes/receivable.routes.ts" points to missing source files
Sourcemap for "D:/Users/ZXQL/wt-agents/issue-122/backend/src/controllers/admin/receivable.controller.ts" points to missing source files
Sourcemap for "D:/Users/ZXQL/wt-agents/issue-122/backend/src/services/admin/receivable.service.ts" points to missing source files
Sourcemap for "D:/Users/ZXQL/wt-agents/issue-122/backend/src/routes/reconciliation.routes.ts" points to missing source files
Sourcemap for "D:/Users/ZXQL/wt-agents/issue-122/backend/src/controllers/admin/reconciliation.controller.ts" points to missing source files
Sourcemap for "D:/Users/ZXQL/wt-agents/issue-122/backend/src/services/admin/reconciliation.service.ts" points to missing source files
Sourcemap for "D:/Users/ZXQL/wt-agents/issue-122/backend/src/routes/report-permissions.routes.ts" points to missing source files
Sourcemap for "D:/Users/ZXQL/wt-agents/issue-122/backend/src/controllers/admin/report-permission-v2.controller.ts" points to missing source files
Sourcemap for "D:/Users/ZXQL/wt-agents/issue-122/backend/src/services/admin/report-permission-v2.service.ts" points to missing source files
Sourcemap for "D:/Users/ZXQL/wt-agents/issue-122/backend/src/routes/report.routes.ts" points to missing source files
Sourcemap for "D:/Users/ZXQL/wt-agents/issue-122/backend/src/controllers/admin/report/sales-report.controller.ts" points to missing source files
[2026-09-25 07:28:13.955 +0800] [31mERROR[39m (19700): [36m[push.hms] 推送失败: push endpoint down[39m
Sourcemap for "D:/Users/ZXQL/wt-agents/issue-122/backend/src/services/admin/report/sales-report.service.ts" points to missing source files
Sourcemap for "D:/Users/ZXQL/wt-agents/issue-122/backend/src/shared/date-utils.ts" points to missing source files
Sourcemap for "D:/Users/ZXQL/wt-agents/issue-122/backend/src/controllers/admin/report/customer-report.controller.ts" points to missing source files
Sourcemap for "D:/Users/ZXQL/wt-agents/issue-122/backend/src/services/admin/report/customer-report.service.ts" points to missing source files
Sourcemap for "D:/Users/ZXQL/wt-agents/issue-122/backend/src/controllers/admin/report/product-report.controller.ts" points to missing source files
Sourcemap for "D:/Users/ZXQL/wt-agents/issue-122/backend/src/services/admin/report/product-report.service.ts" points to missing source files
Sourcemap for "D:/Users/ZXQL/wt-agents/issue-122/backend/src/controllers/admin/report/finance-report.controller.ts" points to missing source files
Sourcemap for "D:/Users/ZXQL/wt-agents/issue-122/backend/src/routes/user-session.routes.ts" points to missing source files
Sourcemap for "D:/Users/ZXQL/wt-agents/issue-122/backend/src/services/admin/report/finance-report.service.ts" points to missing source files
Sourcemap for "D:/Users/ZXQL/wt-agents/issue-122/backend/src/__tests__/routes/platform-c1-2-tenant.test.ts" points to missing source files
Sourcemap for "D:/Users/ZXQL/wt-agents/issue-122/backend/src/controllers/admin/user-session.controller.ts" points to missing source files
Sourcemap for "D:/Users/ZXQL/wt-agents/issue-122/backend/src/controllers/admin/report/staff-report.controller.ts" points to missing source files
Sourcemap for "D:/Users/ZXQL/wt-agents/issue-122/backend/src/services/admin/report/staff-report.service.ts" points to missing source files
Sourcemap for "D:/Users/ZXQL/wt-agents/issue-122/backend/src/controllers/admin/report-collection.controller.ts" points to missing source files
Sourcemap for "D:/Users/ZXQL/wt-agents/issue-122/backend/src/services/admin/report-collection.service.ts" points to missing source files
Sourcemap for "D:/Users/ZXQL/wt-agents/issue-122/backend/src/controllers/admin/report-customer.controller.ts" points to missing source files
Sourcemap for "D:/Users/ZXQL/wt-agents/issue-122/backend/src/services/admin/report-customer.service.ts" points to missing source files
Sourcemap for "D:/Users/ZXQL/wt-agents/issue-122/backend/src/__tests__/controllers/miniapp/miniapp.controller.test.ts" points to missing source files
Sourcemap for "D:/Users/ZXQL/wt-agents/issue-122/backend/src/controllers/admin/report-export.controller.ts" points to missing source files
Sourcemap for "D:/Users/ZXQL/wt-agents/issue-122/backend/src/__tests__/routes/seckill.test.ts" points to missing source files
Sourcemap for "D:/Users/ZXQL/wt-agents/issue-122/backend/src/services/admin/report-export.service.ts" points to missing source files
Sourcemap for "D:/Users/ZXQL/wt-agents/issue-122/backend/src/services/instant-retail/retail-announcement.service.ts" points to missing source files
Sourcemap for "D:/Users/ZXQL/wt-agents/issue-122/backend/src/routes/retail-announcements-admin.routes.ts" points to missing source files
Sourcemap for "D:/Users/ZXQL/wt-agents/issue-122/backend/src/controllers/admin/retail-announcements-admin.controller.ts" points to missing source files
Sourcemap for "D:/Users/ZXQL/wt-agents/issue-122/backend/src/routes/retail-cart.routes.ts" points to missing source files
Sourcemap for "D:/Users/ZXQL/wt-agents/issue-122/backend/src/__tests__/routes/store.test.ts" points to missing source files
Sourcemap for "D:/Users/ZXQL/wt-agents/issue-122/backend/src/routes/saas-subscription.routes.ts" points to missing source files
Sourcemap for "D:/Users/ZXQL/wt-agents/issue-122/backend/src/controllers/saas/subscription.controller.ts" points to missing source files
Sourcemap for "D:/Users/ZXQL/wt-agents/issue-122/backend/src/services/saas/subscription.service.ts" points to missing source files
Sourcemap for "D:/Users/ZXQL/wt-agents/issue-122/backend/src/routes/saas-tenant.routes.ts" points to missing source files
Sourcemap for "D:/Users/ZXQL/wt-agents/issue-122/backend/src/controllers/saas/tenant.controller.ts" points to missing source files
Sourcemap for "D:/Users/ZXQL/wt-agents/issue-122/backend/src/services/saas/tenant.service.ts" points to missing source files
Sourcemap for "D:/Users/ZXQL/wt-agents/issue-122/backend/src/services/sale-return.service.ts" points to missing source files
Sourcemap for "D:/Users/ZXQL/wt-agents/issue-122/backend/src/__tests__/routes/miniapp-order-sync.test.ts" points to missing source files
Sourcemap for "D:/Users/ZXQL/wt-agents/issue-122/backend/src/routes/seckill.routes.ts" points to missing source files
Sourcemap for "D:/Users/ZXQL/wt-agents/issue-122/backend/src/controllers/admin/seckill.controller.ts" points to missing source files
Sourcemap for "D:/Users/ZXQL/wt-agents/issue-122/backend/src/services/admin/seckill.service.ts" points to missing source files
Sourcemap for "D:/Users/ZXQL/wt-agents/issue-122/backend/src/routes/share.routes.ts" points to missing source files
Sourcemap for "D:/Users/ZXQL/wt-agents/issue-122/backend/src/controllers/share.controller.ts" points to missing source files
Sourcemap for "D:/Users/ZXQL/wt-agents/issue-122/backend/src/services/share.service.ts" points to missing source files
Sourcemap for "D:/Users/ZXQL/wt-agents/issue-122/backend/src/routes/sms-template.routes.ts" points to missing source files
Sourcemap for "D:/Users/ZXQL/wt-agents/issue-122/backend/src/controllers/admin/sms-template.controller.ts" points to missing source files
Sourcemap for "D:/Users/ZXQL/wt-agents/issue-122/backend/src/services/sms-template.service.ts" points to missing source files
Sourcemap for "D:/Users/ZXQL/wt-agents/issue-122/backend/src/routes/stock-check.routes.ts" points to missing source files
Sourcemap for "D:/Users/ZXQL/wt-agents/issue-122/backend/src/controllers/admin/stock-check.controller.ts" points to missing source files
Sourcemap for "D:/Users/ZXQL/wt-agents/issue-122/backend/src/services/admin/stock-check.service.ts" points to missing source files
Sourcemap for "D:/Users/ZXQL/wt-agents/issue-122/backend/src/__tests__/services/admin/miniapp-publish.service.test.ts" points to missing source files
Sourcemap for "D:/Users/ZXQL/wt-agents/issue-122/backend/src/routes/stock-warning.routes.ts" points to missing source files
Sourcemap for "D:/Users/ZXQL/wt-agents/issue-122/backend/src/routes/store.routes.ts" points to missing source files
Sourcemap for "D:/Users/ZXQL/wt-agents/issue-122/backend/src/routes/store-control.routes.ts" points to missing source files
Sourcemap for "D:/Users/ZXQL/wt-agents/issue-122/backend/src/controllers/store/product.controller.ts" points to missing source files
Sourcemap for "D:/Users/ZXQL/wt-agents/issue-122/backend/src/controllers/admin/store-control.controller.ts" points to missing source files
Sourcemap for "D:/Users/ZXQL/wt-agents/issue-122/backend/src/controllers/admin/tag.controller.ts" points to missing source files
Sourcemap for "D:/Users/ZXQL/wt-agents/issue-122/backend/src/services/admin/store-control.service.ts" points to missing source files
Sourcemap for "D:/Users/ZXQL/wt-agents/issue-122/backend/src/controllers/inventory-batch.controller.ts" points to missing source files
Sourcemap for "D:/Users/ZXQL/wt-agents/issue-122/backend/src/shared/store-control-scheduler.ts" points to missing source files
Sourcemap for "D:/Users/ZXQL/wt-agents/issue-122/backend/src/controllers/store/member.controller.ts" points to missing source files
Sourcemap for "D:/Users/ZXQL/wt-agents/issue-122/backend/src/routes/store-coupon.routes.ts" points to missing source files
Sourcemap for "D:/Users/ZXQL/wt-agents/issue-122/backend/src/services/store/member.service.ts" points to missing source files
Sourcemap for "D:/Users/ZXQL/wt-agents/issue-122/backend/src/controllers/store/coupon.controller.ts" points to missing source files
Sourcemap for "D:/Users/ZXQL/wt-agents/issue-122/backend/src/controllers/store/home.controller.ts" points to missing source files
Sourcemap for "D:/Users/ZXQL/wt-agents/issue-122/backend/src/services/store/coupon-verify.service.ts" points to missing source files
Sourcemap for "D:/Users/ZXQL/wt-agents/issue-122/backend/src/routes/store-dashboard.routes.ts" points to missing source files
Sourcemap for "D:/Users/ZXQL/wt-agents/issue-122/backend/src/controllers/store/auth.controller.ts" points to missing source files
Sourcemap for "D:/Users/ZXQL/wt-agents/issue-122/backend/src/services/store/auth.service.ts" points to missing source files
Sourcemap for "D:/Users/ZXQL/wt-agents/issue-122/backend/src/controllers/store/receivable.controller.ts" points to missing source files
Sourcemap for "D:/Users/ZXQL/wt-agents/issue-122/backend/src/services/store/receivable.service.ts" points to missing source files
Sourcemap for "D:/Users/ZXQL/wt-agents/issue-122/backend/src/middleware/circuit-breaker.ts" points to missing source files
Sourcemap for "D:/Users/ZXQL/wt-agents/issue-122/backend/src/__tests__/routes/purchase-plan.test.ts" points to missing source files
Sourcemap for "D:/Users/ZXQL/wt-agents/issue-122/backend/src/routes/store-hardware.routes.ts" points to missing source files
Sourcemap for "D:/Users/ZXQL/wt-agents/issue-122/backend/src/routes/store-inventory.routes.ts" points to missing source files
Sourcemap for "D:/Users/ZXQL/wt-agents/issue-122/backend/src/controllers/store/inventory.controller.ts" points to missing source files
Sourcemap for "D:/Users/ZXQL/wt-agents/issue-122/backend/src/services/store/inventory.service.ts" points to missing source files
Sourcemap for "D:/Users/ZXQL/wt-agents/issue-122/backend/src/routes/store-order.routes.ts" points to missing source files
Sourcemap for "D:/Users/ZXQL/wt-agents/issue-122/backend/src/controllers/store/order.controller.ts" points to missing source files
Sourcemap for "D:/Users/ZXQL/wt-agents/issue-122/backend/src/services/store/order.service.ts" points to missing source files
Sourcemap for "D:/Users/ZXQL/wt-agents/issue-122/backend/src/controllers/store/other.controller.ts" points to missing source files
Sourcemap for "D:/Users/ZXQL/wt-agents/issue-122/backend/src/__tests__/controllers/admin/instant-retail.controller.test.ts" points to missing source files
Sourcemap for "D:/Users/ZXQL/wt-agents/issue-122/backend/src/services/store/other.service.ts" points to missing source files
Sourcemap for "D:/Users/ZXQL/wt-agents/issue-122/backend/src/routes/store-receivable.routes.ts" points to missing source files
Sourcemap for "D:/Users/ZXQL/wt-agents/issue-122/backend/src/routes/store-sale-bill.routes.ts" points to missing source files
Sourcemap for "D:/Users/ZXQL/wt-agents/issue-122/backend/src/controllers/store/sale-bill.controller.ts" points to missing source files
Sourcemap for "D:/Users/ZXQL/wt-agents/issue-122/backend/src/__tests__/routes/platform-monitor-r97.test.ts" points to missing source files
Sourcemap for "D:/Users/ZXQL/wt-agents/issue-122/backend/src/services/payment/scan-pay.service.ts" points to missing source files
Sourcemap for "D:/Users/ZXQL/wt-agents/issue-122/backend/src/config/wechat-pay-v2.ts" points to missing source files
Sourcemap for "D:/Users/ZXQL/wt-agents/issue-122/backend/src/config/alipay-f2f.ts" points to missing source files
Sourcemap for "D:/Users/ZXQL/wt-agents/issue-122/backend/src/schemas/store-sale-bill.ts" points to missing source files
Sourcemap for "D:/Users/ZXQL/wt-agents/issue-122/backend/src/routes/store-shift.routes.ts" points to missing source files
Sourcemap for "D:/Users/ZXQL/wt-agents/issue-122/backend/src/controllers/store/shift.controller.ts" points to missing source files
Sourcemap for "D:/Users/ZXQL/wt-agents/issue-122/backend/src/services/store/shift.service.ts" points to missing source files
Sourcemap for "D:/Users/ZXQL/wt-agents/issue-122/backend/src/routes/store-trace.routes.ts" points to missing source files
Sourcemap for "D:/Users/ZXQL/wt-agents/issue-122/backend/src/__tests__/routes/platform-c1-2-plan.test.ts" points to missing source files
Sourcemap for "D:/Users/ZXQL/wt-agents/issue-122/backend/src/controllers/store/trace.controller.ts" points to missing source files
Sourcemap for "D:/Users/ZXQL/wt-agents/issue-122/backend/src/services/admin/trace-records.service.ts" points to missing source files
Sourcemap for "D:/Users/ZXQL/wt-agents/issue-122/backend/src/routes/store-value-card.routes.ts" points to missing source files
Sourcemap for "D:/Users/ZXQL/wt-agents/issue-122/backend/src/controllers/admin/store-value-card.controller.ts" points to missing source files
Sourcemap for "D:/Users/ZXQL/wt-agents/issue-122/backend/src/services/admin/store-value-card.service.ts" points to missing source files
Sourcemap for "D:/Users/ZXQL/wt-agents/issue-122/backend/src/__tests__/services/admin/miniapp-package-builder.test.ts" points to missing source files
Sourcemap for "D:/Users/ZXQL/wt-agents/issue-122/backend/src/services/store/product.service.ts" points to missing source files
Sourcemap for "D:/Users/ZXQL/wt-agents/issue-122/backend/src/__tests__/shared/feishu-report.test.ts" points to missing source files
Sourcemap for "D:/Users/ZXQL/wt-agents/issue-122/backend/src/services/admin/tag.service.ts" points to missing source files
Sourcemap for "D:/Users/ZXQL/wt-agents/issue-122/backend/src/routes/subscription.routes.ts" points to missing source files
Sourcemap for "D:/Users/ZXQL/wt-agents/issue-122/backend/src/controllers/admin/subscription.controller.ts" points to missing source files
Sourcemap for "D:/Users/ZXQL/wt-agents/issue-122/backend/src/shared/feishu-report.ts" points to missing source files
Sourcemap for "D:/Users/ZXQL/wt-agents/issue-122/backend/src/services/admin/subscription.service.ts" points to missing source files
Sourcemap for "D:/Users/ZXQL/wt-agents/issue-122/backend/src/controllers/admin/subscription-renewal.controller.ts" points to missing source files
Sourcemap for "D:/Users/ZXQL/wt-agents/issue-122/backend/src/services/admin/subscription-renewal.service.ts" points to missing source files
Sourcemap for "D:/Users/ZXQL/wt-agents/issue-122/backend/src/routes/supplier-contact.routes.ts" points to missing source files
Sourcemap for "D:/Users/ZXQL/wt-agents/issue-122/backend/src/controllers/admin/supplier-contact.controller.ts" points to missing source files
Sourcemap for "D:/Users/ZXQL/wt-agents/issue-122/backend/src/services/admin/supplier-contact.service.ts" points to missing source files
Sourcemap for "D:/Users/ZXQL/wt-agents/issue-122/backend/src/routes/supplier-statement.routes.ts" points to missing source files
Sourcemap for "D:/Users/ZXQL/wt-agents/issue-122/backend/src/controllers/admin/supplier-statement.controller.ts" points to missing source files
Sourcemap for "D:/Users/ZXQL/wt-agents/issue-122/backend/src/services/admin/supplier-statement.service.ts" points to missing source files
Sourcemap for "D:/Users/ZXQL/wt-agents/issue-122/backend/src/services/supplier.service.ts" points to missing source files
Sourcemap for "D:/Users/ZXQL/wt-agents/issue-122/backend/src/services/sync/price-sync.service.ts" points to missing source files
Sourcemap for "D:/Users/ZXQL/wt-agents/issue-122/backend/src/services/sync/product-sync.service.ts" points to missing source files
Sourcemap for "D:/Users/ZXQL/wt-agents/issue-122/backend/src/__tests__/middleware/create-test-app.test.ts" points to missing source files
Sourcemap for "D:/Users/ZXQL/wt-agents/issue-122/backend/src/services/sync/delta-sync.service.ts" points to missing source files
Sourcemap for "D:/Users/ZXQL/wt-agents/issue-122/backend/src/routes/sys-config.routes.ts" points to missing source files
Sourcemap for "D:/Users/ZXQL/wt-agents/issue-122/backend/src/controllers/admin/sys-config.controller.ts" points to missing source files
Sourcemap for "D:/Users/ZXQL/wt-agents/issue-122/backend/src/services/admin/sys-config.service.ts" points to missing source files
Sourcemap for "D:/Users/ZXQL/wt-agents/issue-122/backend/src/routes/sys-user.routes.ts" points to missing source files
Sourcemap for "D:/Users/ZXQL/wt-agents/issue-122/backend/src/controllers/admin/sys-user.controller.ts" points to missing source files
Sourcemap for "D:/Users/ZXQL/wt-agents/issue-122/backend/src/services/admin/sys-user.service.ts" points to missing source files
Sourcemap for "D:/Users/ZXQL/wt-agents/issue-122/backend/src/__tests__/routes/monitor-system.test.ts" points to missing source files
Sourcemap for "D:/Users/ZXQL/wt-agents/issue-122/backend/src/routes/system.routes.ts" points to missing source files
Sourcemap for "D:/Users/ZXQL/wt-agents/issue-122/backend/src/controllers/admin/system.controller.ts" points to missing source files
Sourcemap for "D:/Users/ZXQL/wt-agents/issue-122/backend/src/services/admin/system.service.ts" points to missing source files
Sourcemap for "D:/Users/ZXQL/wt-agents/issue-122/backend/src/routes/tag.routes.ts" points to missing source files
Sourcemap for "D:/Users/ZXQL/wt-agents/issue-122/backend/src/routes/tenant-register.routes.ts" points to missing source files
Sourcemap for "D:/Users/ZXQL/wt-agents/issue-122/backend/src/routes/tenant.routes.ts" points to missing source files
Sourcemap for "D:/Users/ZXQL/wt-agents/issue-122/backend/src/controllers/admin/tenant.controller.ts" points to missing source files
Sourcemap for "D:/Users/ZXQL/wt-agents/issue-122/backend/src/services/admin/tenant.service.ts" points to missing source files
Sourcemap for "D:/Users/ZXQL/wt-agents/issue-122/backend/src/__tests__/shared/logger.test.ts" points to missing source files
Sourcemap for "D:/Users/ZXQL/wt-agents/issue-122/backend/src/routes/trace.routes.ts" points to missing source files
Sourcemap for "D:/Users/ZXQL/wt-agents/issue-122/backend/src/controllers/admin/trace-config.controller.ts" points to missing source files
Sourcemap for "D:/Users/ZXQL/wt-agents/issue-122/backend/src/services/admin/trace-config.service.ts" points to missing source files
Sourcemap for "D:/Users/ZXQL/wt-agents/issue-122/backend/src/controllers/admin/trace-records.controller.ts" points to missing source files
Sourcemap for "D:/Users/ZXQL/wt-agents/issue-122/backend/src/routes/transfer-order.routes.ts" points to missing source files
Sourcemap for "D:/Users/ZXQL/wt-agents/issue-122/backend/src/controllers/admin/transfer-order-v2.controller.ts" points to missing source files
Sourcemap for "D:/Users/ZXQL/wt-agents/issue-122/backend/src/__tests__/routes/platform-tenant-quota.test.ts" points to missing source files
{"level":30,"time":1790292496649,"pid":19700,"hostname":"XIONG","msg":"production test"}
Sourcemap for "D:/Users/ZXQL/wt-agents/issue-122/backend/src/services/admin/transfer-order.service.ts" points to missing source files
Sourcemap for "D:/Users/ZXQL/wt-agents/issue-122/backend/src/routes/transfer.routes.ts" points to missing source files
Sourcemap for "D:/Users/ZXQL/wt-agents/issue-122/backend/src/controllers/admin/transfer-order.controller.ts" points to missing source files
Sourcemap for "D:/Users/ZXQL/wt-agents/issue-122/backend/src/services/transfer-order.service.ts" points to missing source files
Sourcemap for "D:/Users/ZXQL/wt-agents/issue-122/backend/src/controllers/admin/transfer-execution.controller.ts" points to missing source files
Sourcemap for "D:/Users/ZXQL/wt-agents/issue-122/backend/src/services/transfer-execution.service.ts" points to missing source files
Sourcemap for "D:/Users/ZXQL/wt-agents/issue-122/backend/src/__tests__/shared/migration-delimiter.test.ts" points to missing source files
Sourcemap for "D:/Users/ZXQL/wt-agents/issue-122/backend/src/controllers/store/transfer-execution.controller.ts" points to missing source files
Sourcemap for "D:/Users/ZXQL/wt-agents/issue-122/backend/src/__tests__/controllers/store/sale-bill.controller.test.ts" points to missing source files
Sourcemap for "D:/Users/ZXQL/wt-agents/issue-122/backend/src/routes/unit-group.routes.ts" points to missing source files
Sourcemap for "D:/Users/ZXQL/wt-agents/issue-122/backend/src/controllers/admin/unit-group.controller.ts" points to missing source files
Sourcemap for "D:/Users/ZXQL/wt-agents/issue-122/backend/src/services/admin/unit-group.service.ts" points to missing source files
Sourcemap for "D:/Users/ZXQL/wt-agents/issue-122/backend/src/routes/unit.routes.ts" points to missing source files
Sourcemap for "D:/Users/ZXQL/wt-agents/issue-122/backend/src/controllers/admin/unit.controller.ts" points to missing source files
Sourcemap for "D:/Users/ZXQL/wt-agents/issue-122/backend/src/services/admin/unit.service.ts" points to missing source files
Sourcemap for "D:/Users/ZXQL/wt-agents/issue-122/backend/src/services/admin/user-session.service.ts" points to missing source files
Sourcemap for "D:/Users/ZXQL/wt-agents/issue-122/backend/src/routes/warehouse.routes.ts" points to missing source files
Sourcemap for "D:/Users/ZXQL/wt-agents/issue-122/backend/src/controllers/admin/warehouse.controller.ts" points to missing source files
Sourcemap for "D:/Users/ZXQL/wt-agents/issue-122/backend/src/services/warehouse.service.ts" points to missing source files
Sourcemap for "D:/Users/ZXQL/wt-agents/issue-122/backend/src/routes/wechat.routes.ts" points to missing source files
Sourcemap for "D:/Users/ZXQL/wt-agents/issue-122/backend/src/controllers/admin/wechat.controller.ts" points to missing source files
Sourcemap for "D:/Users/ZXQL/wt-agents/issue-122/backend/src/services/wechat.service.ts" points to missing source files
Sourcemap for "D:/Users/ZXQL/wt-agents/issue-122/backend/src/middleware/wechat-auth.ts" points to missing source files
Sourcemap for "D:/Users/ZXQL/wt-agents/issue-122/backend/src/routes/workbench.routes.ts" points to missing source files
Sourcemap for "D:/Users/ZXQL/wt-agents/issue-122/backend/src/controllers/admin/todo.controller.ts" points to missing source files
Sourcemap for "D:/Users/ZXQL/wt-agents/issue-122/backend/src/services/admin/todo.service.ts" points to missing source files
Sourcemap for "D:/Users/ZXQL/wt-agents/issue-122/backend/src/controllers/admin/quick-entry.controller.ts" points to missing source files
Sourcemap for "D:/Users/ZXQL/wt-agents/issue-122/backend/src/services/admin/quick-entry.service.ts" points to missing source files
Sourcemap for "D:/Users/ZXQL/wt-agents/issue-122/backend/src/__tests__/services/alert.service.test.ts" points to missing source files
Sourcemap for "D:/Users/ZXQL/wt-agents/issue-122/backend/src/controllers/admin/notification-center.controller.ts" points to missing source files
Sourcemap for "D:/Users/ZXQL/wt-agents/issue-122/backend/src/services/admin/notification-center.service.ts" points to missing source files
Sourcemap for "D:/Users/ZXQL/wt-agents/issue-122/backend/src/__tests__/services/miniapp/wholesale.service.test.ts" points to missing source files
Sourcemap for "D:/Users/ZXQL/wt-agents/issue-122/backend/src/__tests__/fixtures/routes/test-multi-router.routes.ts" points to missing source files
Sourcemap for "D:/Users/ZXQL/wt-agents/issue-122/backend/src/__tests__/fixtures/routes/test-no-router.routes.ts" points to missing source files
Sourcemap for "D:/Users/ZXQL/wt-agents/issue-122/backend/src/__tests__/fixtures/routes/test-routecfgs.routes.ts" points to missing source files
Sourcemap for "D:/Users/ZXQL/wt-agents/issue-122/backend/src/__tests__/fixtures/routes/test-routeconfig.routes.ts" points to missing source files
Sourcemap for "D:/Users/ZXQL/wt-agents/issue-122/backend/src/__tests__/fixtures/routes/test-router-undefined.routes.ts" points to missing source files
Sourcemap for "D:/Users/ZXQL/wt-agents/issue-122/backend/src/__tests__/fixtures/routes/test-single-router.routes.ts" points to missing source files
Sourcemap for "D:/Users/ZXQL/wt-agents/issue-122/backend/src/__tests__/controllers/notification.controller.test.ts" points to missing source files
Sourcemap for "D:/Users/ZXQL/wt-agents/issue-122/backend/src/__tests__/controllers/admin/report.controller.test.ts" points to missing source files
Sourcemap for "D:/Users/ZXQL/wt-agents/issue-122/backend/src/__tests__/routes/platform-monitor.test.ts" points to missing source files
Sourcemap for "D:/Users/ZXQL/wt-agents/issue-122/backend/src/__tests__/services/sync/delta-sync.service.test.ts" points to missing source files
Sourcemap for "D:/Users/ZXQL/wt-agents/issue-122/backend/src/__tests__/controllers/saas/subscription.controller.test.ts" points to missing source files
Sourcemap for "D:/Users/ZXQL/wt-agents/issue-122/backend/src/__tests__/controllers/admin/credit.controller.test.ts" points to missing source files
Sourcemap for "D:/Users/ZXQL/wt-agents/issue-122/backend/src/__tests__/services/marketing/community-marketing-seckill.test.ts" points to missing source files
Sourcemap for "D:/Users/ZXQL/wt-agents/issue-122/backend/src/__tests__/routes/monitor-slow-query.test.ts" points to missing source files
Sourcemap for "D:/Users/ZXQL/wt-agents/issue-122/backend/src/__tests__/controllers/admin/price-management.controller.test.ts" points to missing source files
Sourcemap for "D:/Users/ZXQL/wt-agents/issue-122/backend/src/__tests__/services/admin/customer.test.ts" points to missing source files
Sourcemap for "D:/Users/ZXQL/wt-agents/issue-122/backend/src/__tests__/controllers/admin/customer-tag.controller.test.ts" points to missing source files
Sourcemap for "D:/Users/ZXQL/wt-agents/issue-122/backend/src/__tests__/services/admin/data-permission.service.test.ts" points to missing source files
Sourcemap for "D:/Users/ZXQL/wt-agents/issue-122/backend/src/__tests__/shared/migration-write-gate.test.ts" points to missing source files
Sourcemap for "D:/Users/ZXQL/wt-agents/issue-122/backend/src/__tests__/services/admin/order.test.ts" points to missing source files
Sourcemap for "D:/Users/ZXQL/wt-agents/issue-122/backend/src/__tests__/shared/price-guard.test.ts" points to missing source files
Sourcemap for "D:/Users/ZXQL/wt-agents/issue-122/backend/src/__tests__/middleware/error-handler.test.ts" points to missing source files
Sourcemap for "D:/Users/ZXQL/wt-agents/issue-122/backend/src/__tests__/services/admin/sale-bill.test.ts" points to missing source files
Sourcemap for "D:/Users/ZXQL/wt-agents/issue-122/backend/src/shared/error-handler.ts" points to missing source files
Sourcemap for "D:/Users/ZXQL/wt-agents/issue-122/backend/src/middleware/error-handler.ts" points to missing source files
Sourcemap for "D:/Users/ZXQL/wt-agents/issue-122/backend/src/__tests__/shared/product-sync.test.ts" points to missing source files
Sourcemap for "D:/Users/ZXQL/wt-agents/issue-122/backend/src/__tests__/shared/field-sync.test.ts" points to missing source files
Sourcemap for "D:/Users/ZXQL/wt-agents/issue-122/backend/src/__tests__/controllers/admin/trace-records.controller.test.ts" points to missing source files
Sourcemap for "D:/Users/ZXQL/wt-agents/issue-122/backend/src/__tests__/services/admin/credit-limit.test.ts" points to missing source files
Sourcemap for "D:/Users/ZXQL/wt-agents/issue-122/backend/src/__tests__/controllers/admin/purchase-admin.controller.test.ts" points to missing source files
Sourcemap for "D:/Users/ZXQL/wt-agents/issue-122/backend/src/__tests__/shared/migration-split.test.ts" points to missing source files
Sourcemap for "D:/Users/ZXQL/wt-agents/issue-122/backend/src/controllers/admin/purchase-admin.controller.ts" points to missing source files
Sourcemap for "D:/Users/ZXQL/wt-agents/issue-122/backend/src/__tests__/controllers/admin/product-bundle.controller.test.ts" points to missing source files
Sourcemap for "D:/Users/ZXQL/wt-agents/issue-122/backend/src/__tests__/services/miniapp/member.service.test.ts" points to missing source files
Sourcemap for "D:/Users/ZXQL/wt-agents/issue-122/backend/src/__tests__/services/platform/captcha.service.test.ts" points to missing source files
Sourcemap for "D:/Users/ZXQL/wt-agents/issue-122/backend/src/__tests__/controllers/admin/position.controller.test.ts" points to missing source files
Sourcemap for "D:/Users/ZXQL/wt-agents/issue-122/backend/src/__tests__/middleware/auth.test.ts" points to missing source files
Sourcemap for "D:/Users/ZXQL/wt-agents/issue-122/backend/src/shared/auth.ts" points to missing source files
Sourcemap for "D:/Users/ZXQL/wt-agents/issue-122/backend/src/__tests__/controllers/miniapp.controller.test.ts" points to missing source files
Sourcemap for "D:/Users/ZXQL/wt-agents/issue-122/backend/src/__tests__/controllers/tenant.controller.test.ts" points to missing source files
Sourcemap for "D:/Users/ZXQL/wt-agents/issue-122/backend/src/__tests__/controllers/admin/product-review.controller.test.ts" points to missing source files
Sourcemap for "D:/Users/ZXQL/wt-agents/issue-122/backend/src/controllers/admin/miniapp.controller.ts" points to missing source files
Sourcemap for "D:/Users/ZXQL/wt-agents/issue-122/backend/src/__tests__/services/admin/stock-check.test.ts" points to missing source files
Sourcemap for "D:/Users/ZXQL/wt-agents/issue-122/backend/src/__tests__/services/marketing/community-marketing-bargain.test.ts" points to missing source files
Sourcemap for "D:/Users/ZXQL/wt-agents/issue-122/backend/src/__tests__/services/admin/marketing-group-buy.service.test.ts" points to missing source files
Sourcemap for "D:/Users/ZXQL/wt-agents/issue-122/backend/src/__tests__/shared/zip.test.ts" points to missing source files
Sourcemap for "D:/Users/ZXQL/wt-agents/issue-122/backend/src/__tests__/middleware/price-guard.test.ts" points to missing source files
Sourcemap for "D:/Users/ZXQL/wt-agents/issue-122/backend/src/__tests__/config/env.test.ts" points to missing source files
Sourcemap for "D:/Users/ZXQL/wt-agents/issue-122/backend/src/__tests__/config/rate-limit-options.test.ts" points to missing source files
Sourcemap for "D:/Users/ZXQL/wt-agents/issue-122/backend/src/__tests__/controllers/admin/subscription-plan.controller.test.ts" points to missing source files
Sourcemap for "D:/Users/ZXQL/wt-agents/issue-122/backend/src/__tests__/controllers/admin/auth.controller.test.ts" points to missing source files
Sourcemap for "D:/Users/ZXQL/wt-agents/issue-122/backend/src/server.ts" points to missing source files
Sourcemap for "D:/Users/ZXQL/wt-agents/issue-122/backend/src/__tests__/services/instant-retail/retail-ops-ext.service.test.ts" points to missing source files
Sourcemap for "D:/Users/ZXQL/wt-agents/issue-122/backend/src/__tests__/services/sms.service.test.ts" points to missing source files
Sourcemap for "D:/Users/ZXQL/wt-agents/issue-122/backend/src/__tests__/services/marketing/community-marketing-group-buy.test.ts" points to missing source files
Sourcemap for "D:/Users/ZXQL/wt-agents/issue-122/backend/src/__tests__/controllers/platform/platform.controller.test.ts" points to missing source files
Sourcemap for "D:/Users/ZXQL/wt-agents/issue-122/backend/src/__tests__/controllers/admin/marketing-new.controller.test.ts" points to missing source files
Sourcemap for "D:/Users/ZXQL/wt-agents/issue-122/backend/src/__tests__/controllers/admin/marketing-group-buy.controller.test.ts" points to missing source files
Sourcemap for "D:/Users/ZXQL/wt-agents/issue-122/backend/src/__tests__/controllers/admin/sys-user.controller.test.ts" points to missing source files
Sourcemap for "D:/Users/ZXQL/wt-agents/issue-122/backend/src/__tests__/services/admin/inventory-batch.test.ts" points to missing source files
Sourcemap for "D:/Users/ZXQL/wt-agents/issue-122/backend/src/__tests__/controllers/admin/customer-visit.controller.test.ts" points to missing source files
Sourcemap for "D:/Users/ZXQL/wt-agents/issue-122/backend/src/__tests__/services/wechat-pay.service.test.ts" points to missing source files
Sourcemap for "D:/Users/ZXQL/wt-agents/issue-122/backend/src/__tests__/controllers/platform/platform-auth.controller.test.ts" points to missing source files
Sourcemap for "D:/Users/ZXQL/wt-agents/issue-122/backend/src/services/wechat-pay.service.ts" points to missing source files
Sourcemap for "D:/Users/ZXQL/wt-agents/issue-122/backend/src/shared/error-response-interceptor.ts" points to missing source files
Sourcemap for "D:/Users/ZXQL/wt-agents/issue-122/backend/src/services/overdue-scanner.service.ts" points to missing source files
Sourcemap for "D:/Users/ZXQL/wt-agents/issue-122/backend/src/services/subscription-expiry.service.ts" points to missing source files
Sourcemap for "D:/Users/ZXQL/wt-agents/issue-122/backend/src/__tests__/controllers/admin/product.controller.test.ts" points to missing source files
Sourcemap for "D:/Users/ZXQL/wt-agents/issue-122/backend/src/jobs/report-aggregation.job.ts" points to missing source files
Sourcemap for "D:/Users/ZXQL/wt-agents/issue-122/backend/src/__tests__/controllers/admin/inventory-batch.controller.test.ts" points to missing source files
Sourcemap for "D:/Users/ZXQL/wt-agents/issue-122/backend/src/jobs/auto-backup.job.ts" points to missing source files
Sourcemap for "D:/Users/ZXQL/wt-agents/issue-122/backend/src/__tests__/controllers/admin/order.controller.test.ts" points to missing source files
Sourcemap for "D:/Users/ZXQL/wt-agents/issue-122/backend/src/__tests__/controllers/stock-check.controller.test.ts" points to missing source files
Sourcemap for "D:/Users/ZXQL/wt-agents/issue-122/backend/src/__tests__/services/instant-retail/retail-shop.service.test.ts" points to missing source files
Sourcemap for "D:/Users/ZXQL/wt-agents/issue-122/backend/src/__tests__/services/admin/custom-report.service.test.ts" points to missing source files
Sourcemap for "D:/Users/ZXQL/wt-agents/issue-122/backend/src/__tests__/controllers/admin/approval-records.controller.test.ts" points to missing source files
Sourcemap for "D:/Users/ZXQL/wt-agents/issue-122/backend/src/__tests__/controllers/aftersale.controller.test.ts" points to missing source files
Sourcemap for "D:/Users/ZXQL/wt-agents/issue-122/backend/src/__tests__/services/admin/report/sales-report.test.ts" points to missing source files
Sourcemap for "D:/Users/ZXQL/wt-agents/issue-122/backend/src/__tests__/controllers/admin/marketing-coupon.controller.test.ts" points to missing source files
Sourcemap for "D:/Users/ZXQL/wt-agents/issue-122/backend/src/__tests__/services/admin/miniapp-upload.service.test.ts" points to missing source files
Sourcemap for "D:/Users/ZXQL/wt-agents/issue-122/backend/src/__tests__/services/admin/trace-records.service.test.ts" points to missing source files
Sourcemap for "D:/Users/ZXQL/wt-agents/issue-122/backend/src/__tests__/controllers/miniapp/checkout.controller.test.ts" points to missing source files
Sourcemap for "D:/Users/ZXQL/wt-agents/issue-122/backend/src/controllers/miniapp/checkout.controller.ts" points to missing source files
Sourcemap for "D:/Users/ZXQL/wt-agents/issue-122/backend/src/__tests__/controllers/admin/marketing-material.controller.test.ts" points to missing source files
Sourcemap for "D:/Users/ZXQL/wt-agents/issue-122/backend/src/__tests__/controllers/admin/marketing-gift-rule.controller.test.ts" points to missing source files
[2026-09-25 07:28:27.832 +0800] [32mINFO[39m (19700): [36m[效期扫描器] 已启动，每60秒检查一次（凌晨2点执行全量扫描）[39m
Sourcemap for "D:/Users/ZXQL/wt-agents/issue-122/backend/src/__tests__/controllers/admin/subscription.controller.test.ts" points to missing source files
Sourcemap for "D:/Users/ZXQL/wt-agents/issue-122/backend/src/__tests__/controllers/store/transfer-execution.controller.test.ts" points to missing source files
[2026-09-25 07:28:28.113 +0800] [32mINFO[39m (19700): [36m[OrderTimeoutScanner] 订单超时扫描器已启动，每60秒扫描一次[39m
Sourcemap for "D:/Users/ZXQL/wt-agents/issue-122/backend/src/__tests__/controllers/saas/tenant.controller.test.ts" points to missing source files
Sourcemap for "D:/Users/ZXQL/wt-agents/issue-122/backend/src/__tests__/controllers/admin/expense.controller.test.ts" points to missing source files
Sourcemap for "D:/Users/ZXQL/wt-agents/issue-122/backend/src/__tests__/controllers/admin/marketing-points-mall.controller.test.ts" points to missing source files
Sourcemap for "D:/Users/ZXQL/wt-agents/issue-122/backend/src/__tests__/controllers/store-control.controller.test.ts" points to missing source files
Sourcemap for "D:/Users/ZXQL/wt-agents/issue-122/backend/src/__tests__/services/platform/ai-billing-config.service.test.ts" points to missing source files
Sourcemap for "D:/Users/ZXQL/wt-agents/issue-122/backend/src/__tests__/controllers/admin/tag.controller.test.ts" points to missing source files
Sourcemap for "D:/Users/ZXQL/wt-agents/issue-122/backend/src/__tests__/services/hardware/hardware.test.ts" points to missing source files
[2026-09-25 07:28:29.034 +0800] [32mINFO[39m (19700): [36m[门店管控] 定时检查器已启动，每60秒检查一次[39m
Sourcemap for "D:/Users/ZXQL/wt-agents/issue-122/backend/src/__tests__/controllers/admin/credit-adjust.controller.test.ts" points to missing source files
Sourcemap for "D:/Users/ZXQL/wt-agents/issue-122/backend/src/__tests__/controllers/admin/transfer-order.controller.test.ts" points to missing source files
Sourcemap for "D:/Users/ZXQL/wt-agents/issue-122/backend/src/__tests__/services/admin/print.service.test.ts" points to missing source files
Sourcemap for "D:/Users/ZXQL/wt-agents/issue-122/backend/src/__tests__/controllers/admin/quote-push.controller.test.ts" points to missing source files
Sourcemap for "D:/Users/ZXQL/wt-agents/issue-122/backend/src/__tests__/shared/trace-code.test.ts" points to missing source files
[2026-09-25 07:28:29.505 +0800] [33mWARN[39m (19700): [36m[auto-routes] 检测到 11 个重复前缀：/api/admin (19次), /api/admin/marketing (7次), /api/miniapp (2次), /api/platform/billing (3次), /api/store (10次), /api/admin/reports (2次), /api/admin/instant-retail (2次), /api/admin/inventory (3次), /api/monitor (2次), /api/platform (3次), /api/platform/monitor (2次)。请确认端点无重复注册。[39m
[2026-09-25 07:28:29.509 +0800] [32mINFO[39m (19700): [36m[auto-routes] 已自动注册 193 个路由[39m
[2026-09-25 07:28:29.532 +0800] [32mINFO[39m (19700): [36m[rate-limit] 未配置 REDIS_URL，限流器使用 MemoryStore（单进程内存）[39m
[2026-09-25 07:28:29.537 +0800] [32mINFO[39m (19700): [36m[rate-limit] 限流器启用 RedisStore（REDIS_URL 已配置）[39m
[2026-09-25 07:28:29.539 +0800] [31mERROR[39m (19700): [36m[rate-limit] Redis 连接错误:[39m
    [35mextra[39m: [
      "boom"
    ]
[2026-09-25 07:28:29.541 +0800] [31mERROR[39m (19700): [36m[rate-limit] RedisStore 初始化失败，降级 MemoryStore:[39m
    [35mextra[39m: [
      "mock RedisStore 初始化失败"
    ]
[2026-09-25 07:28:29.542 +0800] [32mINFO[39m (19700): [36m[rate-limit] 未配置 REDIS_URL，限流器使用 MemoryStore（单进程内存）[39m
Sourcemap for "D:/Users/ZXQL/wt-agents/issue-122/backend/src/__tests__/controllers/admin/marketing-limited-discount.controller.test.ts" points to missing source files
Sourcemap for "D:/Users/ZXQL/wt-agents/issue-122/backend/src/__tests__/services/admin/report.test.ts" points to missing source files
Sourcemap for "D:/Users/ZXQL/wt-agents/issue-122/backend/src/__tests__/services/tenant-register.service.test.ts" points to missing source files
Sourcemap for "D:/Users/ZXQL/wt-agents/issue-122/backend/src/__tests__/services/admin/quote-push.service.test.ts" points to missing source files
Sourcemap for "D:/Users/ZXQL/wt-agents/issue-122/backend/src/__tests__/services/admin/product-bundle.service.test.ts" points to missing source files
Sourcemap for "D:/Users/ZXQL/wt-agents/issue-122/backend/src/__tests__/controllers/alert.controller.test.ts" points to missing source files
Sourcemap for "D:/Users/ZXQL/wt-agents/issue-122/backend/src/__tests__/controllers/store/inventory.controller.test.ts" points to missing source files
Sourcemap for "D:/Users/ZXQL/wt-agents/issue-122/backend/src/__tests__/services/admin/auth.service.test.ts" points to missing source files
Sourcemap for "D:/Users/ZXQL/wt-agents/issue-122/backend/src/__tests__/services/transfer-order.service.test.ts" points to missing source files
Sourcemap for "D:/Users/ZXQL/wt-agents/issue-122/backend/src/__tests__/services/admin/mfa.service.test.ts" points to missing source files
Sourcemap for "D:/Users/ZXQL/wt-agents/issue-122/backend/src/__tests__/controllers/admin/marketing-dashboard.controller.test.ts" points to missing source files
Sourcemap for "D:/Users/ZXQL/wt-agents/issue-122/backend/src/__tests__/controllers/admin/retail-announcement.controller.test.ts" points to missing source files
Sourcemap for "D:/Users/ZXQL/wt-agents/issue-122/backend/src/__tests__/controllers/admin/store-value-card.controller.test.ts" points to missing source files
Sourcemap for "D:/Users/ZXQL/wt-agents/issue-122/backend/src/__tests__/services/admin/transfer-order.service.test.ts" points to missing source files
Sourcemap for "D:/Users/ZXQL/wt-agents/issue-122/backend/src/__tests__/controllers/admin/marketing-flash-sale.controller.test.ts" points to missing source files
Sourcemap for "D:/Users/ZXQL/wt-agents/issue-122/backend/src/__tests__/services/admin/audit.service.test.ts" points to missing source files
Sourcemap for "D:/Users/ZXQL/wt-agents/issue-122/backend/src/__tests__/services/admin/payment-config.test.ts" points to missing source files
Sourcemap for "D:/Users/ZXQL/wt-agents/issue-122/backend/src/__tests__/controllers/admin/marketing-full-reduction.controller.test.ts" points to missing source files
Sourcemap for "D:/Users/ZXQL/wt-agents/issue-122/backend/src/__tests__/controllers/admin/stock-check.controller.test.ts" points to missing source files
Sourcemap for "D:/Users/ZXQL/wt-agents/issue-122/backend/src/__tests__/shared/fulfillment.test.ts" points to missing source files
Sourcemap for "D:/Users/ZXQL/wt-agents/issue-122/backend/src/__tests__/controllers/share.controller.test.ts" points to missing source files
Sourcemap for "D:/Users/ZXQL/wt-agents/issue-122/backend/src/__tests__/controllers/admin/customer-care.controller.test.ts" points to missing source files
Sourcemap for "D:/Users/ZXQL/wt-agents/issue-122/backend/src/__tests__/services/admin/customer-visit.test.ts" points to missing source files
Sourcemap for "D:/Users/ZXQL/wt-agents/issue-122/backend/src/__tests__/services/platform/plan-c1-2.service.test.ts" points to missing source files
Sourcemap for "D:/Users/ZXQL/wt-agents/issue-122/backend/src/__tests__/services/admin/approval-records.service.test.ts" points to missing source files
Sourcemap for "D:/Users/ZXQL/wt-agents/issue-122/backend/src/__tests__/services/miniapp/wholesale-advanced.test.ts" points to missing source files
Sourcemap for "D:/Users/ZXQL/wt-agents/issue-122/backend/src/__tests__/controllers/admin/approval-flow.controller.test.ts" points to missing source files
Sourcemap for "D:/Users/ZXQL/wt-agents/issue-122/backend/src/__tests__/services/admin/auth.service-token.test.ts" points to missing source files
Sourcemap for "D:/Users/ZXQL/wt-agents/issue-122/backend/src/__tests__/controllers/instant-retail/platform-integration.controller.test.ts" points to missing source files
Sourcemap for "D:/Users/ZXQL/wt-agents/issue-122/backend/src/__tests__/controllers/admin/bank-account.controller.test.ts" points to missing source files
Sourcemap for "D:/Users/ZXQL/wt-agents/issue-122/backend/src/__tests__/services/payment/scan-pay.test.ts" points to missing source files
Sourcemap for "D:/Users/ZXQL/wt-agents/issue-122/backend/src/__tests__/services/admin/employee.service.test.ts" points to missing source files
Sourcemap for "D:/Users/ZXQL/wt-agents/issue-122/backend/src/__tests__/controllers/store/receivable.controller.test.ts" points to missing source files
Sourcemap for "D:/Users/ZXQL/wt-agents/issue-122/backend/src/__tests__/controllers/admin/menu-permission.controller.test.ts" points to missing source files
Sourcemap for "D:/Users/ZXQL/wt-agents/issue-122/backend/src/__tests__/services/platform/tenant-c1-2.service.test.ts" points to missing source files
Sourcemap for "D:/Users/ZXQL/wt-agents/issue-122/backend/src/__tests__/shared/migration-drop-guard.test.ts" points to missing source files
Sourcemap for "D:/Users/ZXQL/wt-agents/issue-122/backend/src/__tests__/controllers/admin/inventory-profit-order.controller.test.ts" points to missing source files
Sourcemap for "D:/Users/ZXQL/wt-agents/issue-122/backend/src/__tests__/controllers/data-permission.controller.test.ts" points to missing source files
Sourcemap for "D:/Users/ZXQL/wt-agents/issue-122/backend/src/__tests__/services/admin/purchase-in-stock.test.ts" points to missing source files
Sourcemap for "D:/Users/ZXQL/wt-agents/issue-122/backend/src/__tests__/controllers/admin/customer-segment.controller.test.ts" points to missing source files
Sourcemap for "D:/Users/ZXQL/wt-agents/issue-122/backend/src/__tests__/services/admin/marketing-group-buy.test.ts" points to missing source files
Sourcemap for "D:/Users/ZXQL/wt-agents/issue-122/backend/src/__tests__/services/admin/batch-price.service.test.ts" points to missing source files
Sourcemap for "D:/Users/ZXQL/wt-agents/issue-122/backend/src/__tests__/services/admin/bank-account.service.test.ts" points to missing source files
Sourcemap for "D:/Users/ZXQL/wt-agents/issue-122/backend/src/__tests__/schemas/billing.schema.test.ts" points to missing source files
Sourcemap for "D:/Users/ZXQL/wt-agents/issue-122/backend/src/__tests__/controllers/admin/purchase-contract.controller.test.ts" points to missing source files
Sourcemap for "D:/Users/ZXQL/wt-agents/issue-122/backend/src/__tests__/services/admin/credit-scoring.test.ts" points to missing source files
Sourcemap for "D:/Users/ZXQL/wt-agents/issue-122/backend/src/__tests__/services/admin/order-timeout.service.test.ts" points to missing source files
Sourcemap for "D:/Users/ZXQL/wt-agents/issue-122/backend/src/__tests__/controllers/admin/inventory.controller.test.ts" points to missing source files
Sourcemap for "D:/Users/ZXQL/wt-agents/issue-122/backend/src/__tests__/controllers/tenant-register.controller.test.ts" points to missing source files
Sourcemap for "D:/Users/ZXQL/wt-agents/issue-122/backend/src/__tests__/services/admin/member.service.test.ts" points to missing source files
Sourcemap for "D:/Users/ZXQL/wt-agents/issue-122/backend/src/__tests__/services/admin/dashboard.service.test.ts" points to missing source files
Sourcemap for "D:/Users/ZXQL/wt-agents/issue-122/backend/src/__tests__/controllers/admin/inventory-loss-order.controller.test.ts" points to missing source files
Sourcemap for "D:/Users/ZXQL/wt-agents/issue-122/backend/src/__tests__/services/store/inventory.service.test.ts" points to missing source files
Sourcemap for "D:/Users/ZXQL/wt-agents/issue-122/backend/src/__tests__/services/admin/product-review.service.test.ts" points to missing source files
Sourcemap for "D:/Users/ZXQL/wt-agents/issue-122/backend/src/__tests__/controllers/rbac.controller.test.ts" points to missing source files
Sourcemap for "D:/Users/ZXQL/wt-agents/issue-122/backend/src/__tests__/middleware/slow-query-monitor.test.ts" points to missing source files
Sourcemap for "D:/Users/ZXQL/wt-agents/issue-122/backend/src/__tests__/services/platform/platform-template.service.test.ts" points to missing source files
Sourcemap for "D:/Users/ZXQL/wt-agents/issue-122/backend/src/__tests__/controllers/admin/marketing-calculation.controller.test.ts" points to missing source files
Sourcemap for "D:/Users/ZXQL/wt-agents/issue-122/backend/src/__tests__/services/admin/inventory-loss-order.service.test.ts" points to missing source files
Sourcemap for "D:/Users/ZXQL/wt-agents/issue-122/backend/src/__tests__/services/miniapp/cart.service.test.ts" points to missing source files
Sourcemap for "D:/Users/ZXQL/wt-agents/issue-122/backend/src/__tests__/controllers/wechat.controller.test.ts" points to missing source files
Sourcemap for "D:/Users/ZXQL/wt-agents/issue-122/backend/src/__tests__/controllers/admin/finance-dashboard.controller.test.ts" points to missing source files
Sourcemap for "D:/Users/ZXQL/wt-agents/issue-122/backend/src/__tests__/services/admin/data-transfer.service.test.ts" points to missing source files
Sourcemap for "D:/Users/ZXQL/wt-agents/issue-122/backend/src/__tests__/controllers/miniapp/cart.controller.test.ts" points to missing source files
Sourcemap for "D:/Users/ZXQL/wt-agents/issue-122/backend/src/__tests__/shared/http-with-retry.test.ts" points to missing source files
Sourcemap for "D:/Users/ZXQL/wt-agents/issue-122/backend/src/controllers/miniapp/cart.controller.ts" points to missing source files
Sourcemap for "D:/Users/ZXQL/wt-agents/issue-122/backend/src/__tests__/controllers/inventory-batch.controller.test.ts" points to missing source files
Sourcemap for "D:/Users/ZXQL/wt-agents/issue-122/backend/src/__tests__/controllers/dashboard.controller.test.ts" points to missing source files
Sourcemap for "D:/Users/ZXQL/wt-agents/issue-122/backend/src/__tests__/controllers/admin/report-customer.controller.test.ts" points to missing source files
Sourcemap for "D:/Users/ZXQL/wt-agents/issue-122/backend/src/__tests__/controllers/admin/feedback.controller.test.ts" points to missing source files
Sourcemap for "D:/Users/ZXQL/wt-agents/issue-122/backend/src/__tests__/routes/tenant-register.test.ts" points to missing source files
Sourcemap for "D:/Users/ZXQL/wt-agents/issue-122/backend/src/__tests__/controllers/sys-config.controller.test.ts" points to missing source files
Sourcemap for "D:/Users/ZXQL/wt-agents/issue-122/backend/src/__tests__/controllers/admin/cart.controller.test.ts" points to missing source files
Sourcemap for "D:/Users/ZXQL/wt-agents/issue-122/backend/src/__tests__/controllers/admin/price-level.controller.test.ts" points to missing source files
Sourcemap for "D:/Users/ZXQL/wt-agents/issue-122/backend/src/__tests__/controllers/customer-merge.controller.test.ts" points to missing source files
Sourcemap for "D:/Users/ZXQL/wt-agents/issue-122/backend/src/__tests__/controllers/payment.controller.test.ts" points to missing source files
Sourcemap for "D:/Users/ZXQL/wt-agents/issue-122/backend/src/__tests__/controllers/admin/todo.controller.test.ts" points to missing source files
Sourcemap for "D:/Users/ZXQL/wt-agents/issue-122/backend/src/__tests__/middleware/response-tracker.test.ts" points to missing source files
Sourcemap for "D:/Users/ZXQL/wt-agents/issue-122/backend/src/shared/response-time-tracker.ts" points to missing source files
Sourcemap for "D:/Users/ZXQL/wt-agents/issue-122/backend/src/__tests__/controllers/admin/combo-product.controller.test.ts" points to missing source files
Sourcemap for "D:/Users/ZXQL/wt-agents/issue-122/backend/src/__tests__/services/admin/payment-new.test.ts" points to missing source files
Sourcemap for "D:/Users/ZXQL/wt-agents/issue-122/backend/src/__tests__/controllers/admin/payment-config.controller.test.ts" points to missing source files
Sourcemap for "D:/Users/ZXQL/wt-agents/issue-122/backend/src/__tests__/controllers/store/order.controller.test.ts" points to missing source files
Sourcemap for "D:/Users/ZXQL/wt-agents/issue-122/backend/src/__tests__/services/admin/inventory-profit-order.service.test.ts" points to missing source files
Sourcemap for "D:/Users/ZXQL/wt-agents/issue-122/backend/src/__tests__/tenant-isolation.test.ts" points to missing source files
Sourcemap for "D:/Users/ZXQL/wt-agents/issue-122/backend/src/services/admin/purchase-order.service.ts" points to missing source files
Sourcemap for "D:/Users/ZXQL/wt-agents/issue-122/backend/src/__tests__/services/admin/payment.test.ts" points to missing source files
Sourcemap for "D:/Users/ZXQL/wt-agents/issue-122/backend/src/__tests__/controllers/admin/receipt.controller.test.ts" points to missing source files
Sourcemap for "D:/Users/ZXQL/wt-agents/issue-122/backend/src/__tests__/shared/store-control-scheduler.test.ts" points to missing source files
Sourcemap for "D:/Users/ZXQL/wt-agents/issue-122/backend/src/__tests__/controllers/platform/platform-manage.controller.test.ts" points to missing source files
Sourcemap for "D:/Users/ZXQL/wt-agents/issue-122/backend/src/__tests__/services/admin/customer-tag.test.ts" points to missing source files
Sourcemap for "D:/Users/ZXQL/wt-agents/issue-122/backend/src/__tests__/services/admin/marketing-points.service.test.ts" points to missing source files
Sourcemap for "D:/Users/ZXQL/wt-agents/issue-122/backend/src/__tests__/controllers/admin/report-permission-v2.controller.test.ts" points to missing source files
Sourcemap for "D:/Users/ZXQL/wt-agents/issue-122/backend/src/__tests__/middleware/circuit-breaker.test.ts" points to missing source files
Sourcemap for "D:/Users/ZXQL/wt-agents/issue-122/backend/src/__tests__/controllers/admin/product-marketing-tag.controller.test.ts" points to missing source files
Sourcemap for "D:/Users/ZXQL/wt-agents/issue-122/backend/src/__tests__/controllers/store/other.controller.test.ts" points to missing source files
Sourcemap for "D:/Users/ZXQL/wt-agents/issue-122/backend/src/__tests__/controllers/export.controller.test.ts" points to missing source files
Sourcemap for "D:/Users/ZXQL/wt-agents/issue-122/backend/src/__tests__/middleware/storage-guard.test.ts" points to missing source files
Sourcemap for "D:/Users/ZXQL/wt-agents/issue-122/backend/src/__tests__/services/admin/report-export.test.ts" points to missing source files
Sourcemap for "D:/Users/ZXQL/wt-agents/issue-122/backend/src/__tests__/controllers/admin/notification-center.controller.test.ts" points to missing source files
Sourcemap for "D:/Users/ZXQL/wt-agents/issue-122/backend/src/__tests__/services/admin/tag.service.test.ts" points to missing source files
Sourcemap for "D:/Users/ZXQL/wt-agents/issue-122/backend/src/__tests__/services/admin/purchase-payment.test.ts" points to missing source files
Sourcemap for "D:/Users/ZXQL/wt-agents/issue-122/backend/src/__tests__/services/admin/customer-merge.test.ts" points to missing source files
Sourcemap for "D:/Users/ZXQL/wt-agents/issue-122/backend/src/__tests__/services/platform/billing-config.service.test.ts" points to missing source files
Sourcemap for "D:/Users/ZXQL/wt-agents/issue-122/backend/src/__tests__/controllers/instant-retail/analytics.controller.test.ts" points to missing source files
Sourcemap for "D:/Users/ZXQL/wt-agents/issue-122/backend/src/__tests__/controllers/admin/customer.controller.test.ts" points to missing source files
Sourcemap for "D:/Users/ZXQL/wt-agents/issue-122/backend/src/__tests__/services/sms-template.service.test.ts" points to missing source files
Sourcemap for "D:/Users/ZXQL/wt-agents/issue-122/backend/src/__tests__/services/admin/purchase-contract.test.ts" points to missing source files
Sourcemap for "D:/Users/ZXQL/wt-agents/issue-122/backend/src/__tests__/controllers/purchase-return.controller.test.ts" points to missing source files
Sourcemap for "D:/Users/ZXQL/wt-agents/issue-122/backend/src/__tests__/services/purchase.service.test.ts" points to missing source files
Sourcemap for "D:/Users/ZXQL/wt-agents/issue-122/backend/src/__tests__/controllers/instant-retail/fulfillment.controller.test.ts" points to missing source files
Sourcemap for "D:/Users/ZXQL/wt-agents/issue-122/backend/src/__tests__/services/saas/subscription.service.test.ts" points to missing source files
Sourcemap for "D:/Users/ZXQL/wt-agents/issue-122/backend/src/__tests__/services/admin/customer-price.service.test.ts" points to missing source files
Sourcemap for "D:/Users/ZXQL/wt-agents/issue-122/backend/src/__tests__/controllers/admin/visit-record.controller.test.ts" points to missing source files
Sourcemap for "D:/Users/ZXQL/wt-agents/issue-122/backend/src/controllers/admin/visit-record.controller.ts" points to missing source files
Sourcemap for "D:/Users/ZXQL/wt-agents/issue-122/backend/src/__tests__/services/admin/purchase-return.test.ts" points to missing source files
Sourcemap for "D:/Users/ZXQL/wt-agents/issue-122/backend/src/__tests__/services/store/coupon-verify.service.test.ts" points to missing source files
Sourcemap for "D:/Users/ZXQL/wt-agents/issue-122/backend/src/__tests__/controllers/instant-retail/review.controller.test.ts" points to missing source files
Sourcemap for "D:/Users/ZXQL/wt-agents/issue-122/backend/src/__tests__/services/saas/tenant.service.test.ts" points to missing source files
Sourcemap for "D:/Users/ZXQL/wt-agents/issue-122/backend/src/__tests__/controllers/admin/inventory-loss-gain.controller.test.ts" points to missing source files
Sourcemap for "D:/Users/ZXQL/wt-agents/issue-122/backend/src/__tests__/controllers/admin/report-collection.controller.test.ts" points to missing source files
Sourcemap for "D:/Users/ZXQL/wt-agents/issue-122/backend/src/__tests__/services/admin/customer-type.service.test.ts" points to missing source files
Sourcemap for "D:/Users/ZXQL/wt-agents/issue-122/backend/src/__tests__/controllers/admin/inventory-cost.controller.test.ts" points to missing source files
Sourcemap for "D:/Users/ZXQL/wt-agents/issue-122/backend/src/__tests__/services/admin/combo-product.service.test.ts" points to missing source files
Sourcemap for "D:/Users/ZXQL/wt-agents/issue-122/backend/src/__tests__/controllers/admin/marketing-stack-rule.controller.test.ts" points to missing source files
Sourcemap for "D:/Users/ZXQL/wt-agents/issue-122/backend/src/__tests__/controllers/admin/report-permission.controller.test.ts" points to missing source files
Sourcemap for "D:/Users/ZXQL/wt-agents/issue-122/backend/src/__tests__/services/admin/receipt.test.ts" points to missing source files
Sourcemap for "D:/Users/ZXQL/wt-agents/issue-122/backend/src/controllers/admin/report-permission.controller.ts" points to missing source files
Sourcemap for "D:/Users/ZXQL/wt-agents/issue-122/backend/src/__tests__/services/admin/system-monitor.service.test.ts" points to missing source files
Sourcemap for "D:/Users/ZXQL/wt-agents/issue-122/backend/src/__tests__/services/warehouse.service.test.ts" points to missing source files
Sourcemap for "D:/Users/ZXQL/wt-agents/issue-122/backend/src/__tests__/services/admin/sale-return.test.ts" points to missing source files
Sourcemap for "D:/Users/ZXQL/wt-agents/issue-122/backend/src/__tests__/services/admin/store-value-card.service.test.ts" points to missing source files
Sourcemap for "D:/Users/ZXQL/wt-agents/issue-122/backend/src/__tests__/controllers/audit.controller.test.ts" points to missing source files
Sourcemap for "D:/Users/ZXQL/wt-agents/issue-122/backend/src/__tests__/controllers/admin/commission.controller.test.ts" points to missing source files
Sourcemap for "D:/Users/ZXQL/wt-agents/issue-122/backend/src/__tests__/controllers/admin/batch-price.controller.test.ts" points to missing source files
Sourcemap for "D:/Users/ZXQL/wt-agents/issue-122/backend/src/__tests__/shared/permission.test.ts" points to missing source files
Sourcemap for "D:/Users/ZXQL/wt-agents/issue-122/backend/src/shared/permission.ts" points to missing source files
Sourcemap for "D:/Users/ZXQL/wt-agents/issue-122/backend/src/__tests__/controllers/admin/supplier-statement.controller.test.ts" points to missing source files
Sourcemap for "D:/Users/ZXQL/wt-agents/issue-122/backend/src/__tests__/services/admin/customer-segment.test.ts" points to missing source files
Sourcemap for "D:/Users/ZXQL/wt-agents/issue-122/backend/src/__tests__/controllers/admin/customer-price.controller.test.ts" points to missing source files
Sourcemap for "D:/Users/ZXQL/wt-agents/issue-122/backend/src/__tests__/controllers/admin/transfer-order-v2.controller.test.ts" points to missing source files
Sourcemap for "D:/Users/ZXQL/wt-agents/issue-122/backend/src/__tests__/controllers/admin/receivable.controller.test.ts" points to missing source files
Sourcemap for "D:/Users/ZXQL/wt-agents/issue-122/backend/src/__tests__/services/platform-miniapp.service.test.ts" points to missing source files
Sourcemap for "D:/Users/ZXQL/wt-agents/issue-122/backend/src/__tests__/controllers/customer-statement.controller.test.ts" points to missing source files
Sourcemap for "D:/Users/ZXQL/wt-agents/issue-122/backend/src/__tests__/services/admin/points.service.test.ts" points to missing source files
Sourcemap for "D:/Users/ZXQL/wt-agents/issue-122/backend/src/__tests__/services/subscription-expiry.service.test.ts" points to missing source files
Sourcemap for "D:/Users/ZXQL/wt-agents/issue-122/backend/src/__tests__/shared/id.test.ts" points to missing source files
Sourcemap for "D:/Users/ZXQL/wt-agents/issue-122/backend/src/__tests__/services/platform/app-version-c6.service.test.ts" points to missing source files
Sourcemap for "D:/Users/ZXQL/wt-agents/issue-122/backend/src/__tests__/services/admin/trace-config.service.test.ts" points to missing source files
Sourcemap for "D:/Users/ZXQL/wt-agents/issue-122/backend/src/__tests__/services/admin/finance-dashboard.test.ts" points to missing source files
Sourcemap for "D:/Users/ZXQL/wt-agents/issue-122/backend/src/__tests__/controllers/admin/report/product-report.controller.test.ts" points to missing source files
Sourcemap for "D:/Users/ZXQL/wt-agents/issue-122/backend/src/__tests__/shared/seed-data.test.ts" points to missing source files
Sourcemap for "D:/Users/ZXQL/wt-agents/issue-122/backend/src/__tests__/controllers/admin/error-log.controller.test.ts" points to missing source files
Sourcemap for "D:/Users/ZXQL/wt-agents/issue-122/backend/src/__tests__/controllers/admin/inventory-share.controller.test.ts" points to missing source files
Sourcemap for "D:/Users/ZXQL/wt-agents/issue-122/backend/src/__tests__/services/admin/marketing-new-promotion.service.test.ts" points to missing source files
Sourcemap for "D:/Users/ZXQL/wt-agents/issue-122/backend/src/__tests__/services/transfer-execution.service.test.ts" points to missing source files
Sourcemap for "D:/Users/ZXQL/wt-agents/issue-122/backend/src/__tests__/services/hardware/payment-box.service.test.ts" points to missing source files
Sourcemap for "D:/Users/ZXQL/wt-agents/issue-122/backend/src/__tests__/services/admin/purchase-plan.test.ts" points to missing source files
Sourcemap for "D:/Users/ZXQL/wt-agents/issue-122/backend/src/__tests__/services/sale-return-reject.test.ts" points to missing source files
Sourcemap for "D:/Users/ZXQL/wt-agents/issue-122/backend/src/__tests__/services/admin/commission.service.test.ts" points to missing source files
Sourcemap for "D:/Users/ZXQL/wt-agents/issue-122/backend/src/__tests__/schemas/plan.schema.test.ts" points to missing source files
Sourcemap for "D:/Users/ZXQL/wt-agents/issue-122/backend/src/__tests__/services/platform/plan-policy.service.test.ts" points to missing source files
Sourcemap for "D:/Users/ZXQL/wt-agents/issue-122/backend/src/__tests__/services/admin/credit-adjust.test.ts" points to missing source files
Sourcemap for "D:/Users/ZXQL/wt-agents/issue-122/backend/src/__tests__/services/admin/customer-care.test.ts" points to missing source files
Sourcemap for "D:/Users/ZXQL/wt-agents/issue-122/backend/src/__tests__/controllers/admin/marketing-points.controller.test.ts" points to missing source files
Sourcemap for "D:/Users/ZXQL/wt-agents/issue-122/backend/src/__tests__/services/admin/position.service.test.ts" points to missing source files
Sourcemap for "D:/Users/ZXQL/wt-agents/issue-122/backend/src/__tests__/services/admin/customer-tag.service.test.ts" points to missing source files
Sourcemap for "D:/Users/ZXQL/wt-agents/issue-122/backend/src/__tests__/services/admin/inventory-share.service.test.ts" points to missing source files
Sourcemap for "D:/Users/ZXQL/wt-agents/issue-122/backend/src/__tests__/services/platform/platform-sys-config.service.test.ts" points to missing source files
Sourcemap for "D:/Users/ZXQL/wt-agents/issue-122/backend/src/__tests__/controllers/admin/payment-new.controller.test.ts" points to missing source files
Sourcemap for "D:/Users/ZXQL/wt-agents/issue-122/backend/src/__tests__/controllers/instant-retail/order-receiving.controller.test.ts" points to missing source files
Sourcemap for "D:/Users/ZXQL/wt-agents/issue-122/backend/src/__tests__/services/share.service.test.ts" points to missing source files
Sourcemap for "D:/Users/ZXQL/wt-agents/issue-122/backend/src/__tests__/services/admin/marketing-stack-rule.service.test.ts" points to missing source files
Sourcemap for "D:/Users/ZXQL/wt-agents/issue-122/backend/src/__tests__/controllers/admin/trace-config.controller.test.ts" points to missing source files
Sourcemap for "D:/Users/ZXQL/wt-agents/issue-122/backend/src/__tests__/services/admin/customer-care.service.test.ts" points to missing source files
Sourcemap for "D:/Users/ZXQL/wt-agents/issue-122/backend/src/__tests__/controllers/admin/quick-entry.controller.test.ts" points to missing source files
Sourcemap for "D:/Users/ZXQL/wt-agents/issue-122/backend/src/__tests__/services/store/auth.service.test.ts" points to missing source files
Sourcemap for "D:/Users/ZXQL/wt-agents/issue-122/backend/src/__tests__/services/admin/marketing-calculation.service.test.ts" points to missing source files
Sourcemap for "D:/Users/ZXQL/wt-agents/issue-122/backend/src/__tests__/controllers/admin/daily-settlement.controller.test.ts" points to missing source files
Sourcemap for "D:/Users/ZXQL/wt-agents/issue-122/backend/src/__tests__/services/instant-retail/shortage-handler.test.ts" points to missing source files
Sourcemap for "D:/Users/ZXQL/wt-agents/issue-122/backend/src/__tests__/services/admin/unit-group.service.test.ts" points to missing source files
Sourcemap for "D:/Users/ZXQL/wt-agents/issue-122/backend/src/__tests__/controllers/purchase-in-stock.controller.test.ts" points to missing source files
Sourcemap for "D:/Users/ZXQL/wt-agents/issue-122/backend/src/__tests__/services/admin/purchase-order.test.ts" points to missing source files
Sourcemap for "D:/Users/ZXQL/wt-agents/issue-122/backend/src/__tests__/controllers/admin/retail-consumer-address.controller.test.ts" points to missing source files
Sourcemap for "D:/Users/ZXQL/wt-agents/issue-122/backend/src/__tests__/services/admin/customer-statement.test.ts" points to missing source files
Sourcemap for "D:/Users/ZXQL/wt-agents/issue-122/backend/src/__tests__/services/miniapp/miniapp-order-cancel.test.ts" points to missing source files
Sourcemap for "D:/Users/ZXQL/wt-agents/issue-122/backend/src/__tests__/controllers/admin/subscription-renewal.controller.test.ts" points to missing source files
Sourcemap for "D:/Users/ZXQL/wt-agents/issue-122/backend/src/__tests__/services/platform/platform-overview.service.test.ts" points to missing source files
Sourcemap for "D:/Users/ZXQL/wt-agents/issue-122/backend/src/__tests__/controllers/system.controller.test.ts" points to missing source files
Sourcemap for "D:/Users/ZXQL/wt-agents/issue-122/backend/src/__tests__/shared/migration-176-addon-charge.test.ts" points to missing source files
Sourcemap for "D:/Users/ZXQL/wt-agents/issue-122/backend/src/__tests__/controllers/admin/employee.controller.test.ts" points to missing source files
Sourcemap for "D:/Users/ZXQL/wt-agents/issue-122/backend/src/__tests__/services/miniapp/checkout.service.test.ts" points to missing source files
Sourcemap for "D:/Users/ZXQL/wt-agents/issue-122/backend/src/services/miniapp/checkout.service.ts" points to missing source files
Sourcemap for "D:/Users/ZXQL/wt-agents/issue-122/backend/src/__tests__/controllers/purchase-payment.controller.test.ts" points to missing source files
Sourcemap for "D:/Users/ZXQL/wt-agents/issue-122/backend/src/__tests__/controllers/admin/miniapp-config.controller.test.ts" points to missing source files
Sourcemap for "D:/Users/ZXQL/wt-agents/issue-122/backend/src/__tests__/services/admin/miniapp-order-sync.service.test.ts" points to missing source files
Sourcemap for "D:/Users/ZXQL/wt-agents/issue-122/backend/src/__tests__/services/admin/error-log.service.test.ts" points to missing source files
Sourcemap for "D:/Users/ZXQL/wt-agents/issue-122/backend/src/__tests__/services/admin/marketing-dashboard.service.test.ts" points to missing source files
Sourcemap for "D:/Users/ZXQL/wt-agents/issue-122/backend/src/__tests__/services/admin/report-collection.test.ts" points to missing source files
Sourcemap for "D:/Users/ZXQL/wt-agents/issue-122/backend/src/__tests__/services/admin/notification.service.test.ts" points to missing source files
Sourcemap for "D:/Users/ZXQL/wt-agents/issue-122/backend/src/__tests__/services/admin/archive.service.test.ts" points to missing source files
Sourcemap for "D:/Users/ZXQL/wt-agents/issue-122/backend/src/__tests__/services/miniapp/retail-consumer-address.service.test.ts" points to missing source files
Sourcemap for "D:/Users/ZXQL/wt-agents/issue-122/backend/src/__tests__/middleware/data-permission-auth.test.ts" points to missing source files
Sourcemap for "D:/Users/ZXQL/wt-agents/issue-122/backend/src/__tests__/shared/date-utils.test.ts" points to missing source files
Sourcemap for "D:/Users/ZXQL/wt-agents/issue-122/backend/src/middleware/data-permission-auth.ts" points to missing source files
Sourcemap for "D:/Users/ZXQL/wt-agents/issue-122/backend/src/__tests__/services/admin/supplier-statement.service.test.ts" points to missing source files
Sourcemap for "D:/Users/ZXQL/wt-agents/issue-122/backend/src/__tests__/controllers/admin/report/sales-report.controller.test.ts" points to missing source files
Sourcemap for "D:/Users/ZXQL/wt-agents/issue-122/backend/src/__tests__/services/admin/member-register.service.test.ts" points to missing source files
Sourcemap for "D:/Users/ZXQL/wt-agents/issue-122/backend/src/__tests__/services/admin/quick-entry.service.test.ts" points to missing source files
Sourcemap for "D:/Users/ZXQL/wt-agents/issue-122/backend/src/__tests__/controllers/admin/member.controller.test.ts" points to missing source files
Sourcemap for "D:/Users/ZXQL/wt-agents/issue-122/backend/src/__tests__/controllers/admin/purchase-plan.controller.test.ts" points to missing source files
Sourcemap for "D:/Users/ZXQL/wt-agents/issue-122/backend/src/__tests__/services/marketing/community-marketing-end-records.test.ts" points to missing source files
Sourcemap for "D:/Users/ZXQL/wt-agents/issue-122/backend/src/__tests__/services/admin/customer-lifecycle.test.ts" points to missing source files
Sourcemap for "D:/Users/ZXQL/wt-agents/issue-122/backend/src/__tests__/services/admin/customer-payment.test.ts" points to missing source files
Sourcemap for "D:/Users/ZXQL/wt-agents/issue-122/backend/src/__tests__/services/admin/credit-collection.test.ts" points to missing source files
Sourcemap for "D:/Users/ZXQL/wt-agents/issue-122/backend/src/__tests__/services/admin/report-customer.test.ts" points to missing source files
Sourcemap for "D:/Users/ZXQL/wt-agents/issue-122/backend/src/__tests__/services/admin/daily-settlement.test.ts" points to missing source files
Sourcemap for "D:/Users/ZXQL/wt-agents/issue-122/backend/src/__tests__/services/admin/reconciliation.test.ts" points to missing source files
Sourcemap for "D:/Users/ZXQL/wt-agents/issue-122/backend/src/__tests__/services/admin/custom-report-v2-extra.service.test.ts" points to missing source files
Sourcemap for "D:/Users/ZXQL/wt-agents/issue-122/backend/src/__tests__/services/admin/unit.service.test.ts" points to missing source files
Sourcemap for "D:/Users/ZXQL/wt-agents/issue-122/backend/src/__tests__/services/admin/custom-report-v2.service.test.ts" points to missing source files
Sourcemap for "D:/Users/ZXQL/wt-agents/issue-122/backend/src/__tests__/controllers/admin/points.controller.test.ts" points to missing source files
Sourcemap for "D:/Users/ZXQL/wt-agents/issue-122/backend/src/__tests__/shared/pagination.test.ts" points to missing source files
Sourcemap for "D:/Users/ZXQL/wt-agents/issue-122/backend/src/shared/pagination.ts" points to missing source files
Sourcemap for "D:/Users/ZXQL/wt-agents/issue-122/backend/src/__tests__/services/admin/inventory.test.ts" points to missing source files
Sourcemap for "D:/Users/ZXQL/wt-agents/issue-122/backend/src/__tests__/controllers/store/product.controller.test.ts" points to missing source files
Sourcemap for "D:/Users/ZXQL/wt-agents/issue-122/backend/src/__tests__/controllers/admin/monitor.controller.test.ts" points to missing source files
Sourcemap for "D:/Users/ZXQL/wt-agents/issue-122/backend/src/__tests__/services/platform/tenant-quota.service.test.ts" points to missing source files
Sourcemap for "D:/Users/ZXQL/wt-agents/issue-122/backend/src/__tests__/config/wechat-pay.test.ts" points to missing source files
Sourcemap for "D:/Users/ZXQL/wt-agents/issue-122/backend/src/__tests__/controllers/admin/archive.controller.test.ts" points to missing source files
Sourcemap for "D:/Users/ZXQL/wt-agents/issue-122/backend/src/__tests__/services/admin/customer-price.test.ts" points to missing source files
Sourcemap for "D:/Users/ZXQL/wt-agents/issue-122/backend/src/__tests__/shared/app-error.test.ts" points to missing source files
Sourcemap for "D:/Users/ZXQL/wt-agents/issue-122/backend/src/__tests__/services/admin/expense.test.ts" points to missing source files
Sourcemap for "D:/Users/ZXQL/wt-agents/issue-122/backend/src/__tests__/services/admin/feedback.service.test.ts" points to missing source files
Sourcemap for "D:/Users/ZXQL/wt-agents/issue-122/backend/src/__tests__/controllers/customer-payment.controller.test.ts" points to missing source files
Sourcemap for "D:/Users/ZXQL/wt-agents/issue-122/backend/src/__tests__/routes/dashboard.test.ts" points to missing source files
Sourcemap for "D:/Users/ZXQL/wt-agents/issue-122/backend/src/__tests__/services/admin/report-permission-v2.service.test.ts" points to missing source files
Sourcemap for "D:/Users/ZXQL/wt-agents/issue-122/backend/src/__tests__/controllers/admin/report/finance-report.controller.test.ts" points to missing source files
Sourcemap for "D:/Users/ZXQL/wt-agents/issue-122/backend/src/__tests__/controllers/admin/category.controller.test.ts" points to missing source files
Sourcemap for "D:/Users/ZXQL/wt-agents/issue-122/backend/src/__tests__/services/admin/menu-permission.service.test.ts" points to missing source files
Sourcemap for "D:/Users/ZXQL/wt-agents/issue-122/backend/src/__tests__/services/admin/sys-config.service.test.ts" points to missing source files
Sourcemap for "D:/Users/ZXQL/wt-agents/issue-122/backend/src/__tests__/services/admin/receivable.test.ts" points to missing source files
Sourcemap for "D:/Users/ZXQL/wt-agents/issue-122/backend/src/__tests__/shared/error-response-interceptor.test.ts" points to missing source files
Sourcemap for "D:/Users/ZXQL/wt-agents/issue-122/backend/src/__tests__/controllers/admin/customer-lifecycle.controller.test.ts" points to missing source files
Sourcemap for "D:/Users/ZXQL/wt-agents/issue-122/backend/src/__tests__/shared/migration-177-ai-audit-log-columns.test.ts" points to missing source files
Sourcemap for "D:/Users/ZXQL/wt-agents/issue-122/backend/src/__tests__/controllers/admin/profit-loss-stats.controller.test.ts" points to missing source files
Sourcemap for "D:/Users/ZXQL/wt-agents/issue-122/backend/src/__tests__/shared/response.test.ts" points to missing source files
Sourcemap for "D:/Users/ZXQL/wt-agents/issue-122/backend/src/__tests__/services/admin/export.service.test.ts" points to missing source files
Sourcemap for "D:/Users/ZXQL/wt-agents/issue-122/backend/src/__tests__/services/admin/purchase-payment.service.test.ts" points to missing source files
Sourcemap for "D:/Users/ZXQL/wt-agents/issue-122/backend/src/__tests__/shared/migration-c6-columns.test.ts" points to missing source files
Sourcemap for "D:/Users/ZXQL/wt-agents/issue-122/backend/src/__tests__/controllers/admin/reconciliation.controller.test.ts" points to missing source files
Sourcemap for "D:/Users/ZXQL/wt-agents/issue-122/backend/src/__tests__/services/admin/seckill.service.test.ts" points to missing source files
Sourcemap for "D:/Users/ZXQL/wt-agents/issue-122/backend/src/__tests__/services/admin/marketing-asset.service.test.ts" points to missing source files
Sourcemap for "D:/Users/ZXQL/wt-agents/issue-122/backend/src/__tests__/services/admin/marketing-new-coupon.service.test.ts" points to missing source files
Sourcemap for "D:/Users/ZXQL/wt-agents/issue-122/backend/src/__tests__/controllers/admin/sales.controller.test.ts" points to missing source files
Sourcemap for "D:/Users/ZXQL/wt-agents/issue-122/backend/src/controllers/admin/sales.controller.ts" points to missing source files
Sourcemap for "D:/Users/ZXQL/wt-agents/issue-122/backend/src/__tests__/controllers/instant-retail/reconciliation.controller.test.ts" points to missing source files
Sourcemap for "D:/Users/ZXQL/wt-agents/issue-122/backend/src/__tests__/shared/totp.test.ts" points to missing source files
Sourcemap for "D:/Users/ZXQL/wt-agents/issue-122/backend/src/__tests__/middleware/memory-cache.test.ts" points to missing source files
Sourcemap for "D:/Users/ZXQL/wt-agents/issue-122/backend/src/middleware/memory-cache.ts" points to missing source files
Sourcemap for "D:/Users/ZXQL/wt-agents/issue-122/backend/src/__tests__/services/overdue-scanner.service.test.ts" points to missing source files
Sourcemap for "D:/Users/ZXQL/wt-agents/issue-122/backend/src/__tests__/services/admin/aftersale.service.test.ts" points to missing source files
Sourcemap for "D:/Users/ZXQL/wt-agents/issue-122/backend/src/__tests__/services/admin/platform-audit-log-write.test.ts" points to missing source files
Sourcemap for "D:/Users/ZXQL/wt-agents/issue-122/backend/src/__tests__/services/store/order.service.test.ts" points to missing source files
Sourcemap for "D:/Users/ZXQL/wt-agents/issue-122/backend/src/__tests__/shared/re-exports.test.ts" points to missing source files
Sourcemap for "D:/Users/ZXQL/wt-agents/issue-122/backend/src/shared/async-handler.ts" points to missing source files
Sourcemap for "D:/Users/ZXQL/wt-agents/issue-122/backend/src/__tests__/services/sync/price-sync.service.test.ts" points to missing source files
Sourcemap for "D:/Users/ZXQL/wt-agents/issue-122/backend/src/__tests__/services/wechat.service.test.ts" points to missing source files
Sourcemap for "D:/Users/ZXQL/wt-agents/issue-122/backend/src/__tests__/services/store/sale-bill.service.test.ts" points to missing source files
Sourcemap for "D:/Users/ZXQL/wt-agents/issue-122/backend/src/__tests__/services/admin/platform-announcement.service.test.ts" points to missing source files
Sourcemap for "D:/Users/ZXQL/wt-agents/issue-122/backend/src/__tests__/controllers/operation-log.controller.test.ts" points to missing source files
Sourcemap for "D:/Users/ZXQL/wt-agents/issue-122/backend/src/__tests__/services/admin/inventory-loss-gain.service.test.ts" points to missing source files
Sourcemap for "D:/Users/ZXQL/wt-agents/issue-122/backend/src/__tests__/services/admin/brand.service.test.ts" points to missing source files
Sourcemap for "D:/Users/ZXQL/wt-agents/issue-122/backend/src/__tests__/services/admin/price-level.service.test.ts" points to missing source files
Sourcemap for "D:/Users/ZXQL/wt-agents/issue-122/backend/src/__tests__/services/admin/customer-lifecycle.service.test.ts" points to missing source files
Sourcemap for "D:/Users/ZXQL/wt-agents/issue-122/backend/src/__tests__/services/admin/inventory-cost.service.test.ts" points to missing source files
Sourcemap for "D:/Users/ZXQL/wt-agents/issue-122/backend/src/__tests__/shared/db.test.ts" points to missing source files
Sourcemap for "D:/Users/ZXQL/wt-agents/issue-122/backend/src/__tests__/services/store/other.service.test.ts" points to missing source files
Sourcemap for "D:/Users/ZXQL/wt-agents/issue-122/backend/src/__tests__/services/admin/cart.service.test.ts" points to missing source files
Sourcemap for "D:/Users/ZXQL/wt-agents/issue-122/backend/src/__tests__/services/admin/todo.service.test.ts" points to missing source files
Sourcemap for "D:/Users/ZXQL/wt-agents/issue-122/backend/src/__tests__/services/platform-tenant.service.test.ts" points to missing source files
Sourcemap for "D:/Users/ZXQL/wt-agents/issue-122/backend/src/__tests__/services/instant-retail/inventory-deduction.test.ts" points to missing source files
Sourcemap for "D:/Users/ZXQL/wt-agents/issue-122/backend/src/__tests__/services/admin/customer-payment.service.test.ts" points to missing source files
Sourcemap for "D:/Users/ZXQL/wt-agents/issue-122/backend/src/services/instant-retail/inventory-deduction.service.ts" points to missing source files
Sourcemap for "D:/Users/ZXQL/wt-agents/issue-122/backend/src/__tests__/controllers/admin/transfer-execution.controller.test.ts" points to missing source files
Sourcemap for "D:/Users/ZXQL/wt-agents/issue-122/backend/src/__tests__/services/admin/profit-loss-stats.service.test.ts" points to missing source files
Sourcemap for "D:/Users/ZXQL/wt-agents/issue-122/backend/src/__tests__/routes/points.test.ts" points to missing source files
Sourcemap for "D:/Users/ZXQL/wt-agents/issue-122/backend/src/shared/tenant.ts" points to missing source files
Sourcemap for "D:/Users/ZXQL/wt-agents/issue-122/backend/src/__tests__/services/store/inventory-threshold.test.ts" points to missing source files
Sourcemap for "D:/Users/ZXQL/wt-agents/issue-122/backend/src/__tests__/controllers/admin/unit.controller.test.ts" points to missing source files
Sourcemap for "D:/Users/ZXQL/wt-agents/issue-122/backend/src/shared/price-guard-middleware.ts" points to missing source files
Sourcemap for "D:/Users/ZXQL/wt-agents/issue-122/backend/src/__tests__/controllers/admin/brand.controller.test.ts" points to missing source files
Sourcemap for "D:/Users/ZXQL/wt-agents/issue-122/backend/src/__tests__/services/admin/inventory-batch.service.test.ts" points to missing source files
Sourcemap for "D:/Users/ZXQL/wt-agents/issue-122/backend/src/__tests__/services/admin/department.service.test.ts" points to missing source files
Sourcemap for "D:/Users/ZXQL/wt-agents/issue-122/backend/src/__tests__/services/admin/category.service.test.ts" points to missing source files
Sourcemap for "D:/Users/ZXQL/wt-agents/issue-122/backend/src/__tests__/services/admin/approval-flow.service.test.ts" points to missing source files
Sourcemap for "D:/Users/ZXQL/wt-agents/issue-122/backend/src/__tests__/services/miniapp/stored-card.service.test.ts" points to missing source files
Sourcemap for "D:/Users/ZXQL/wt-agents/issue-122/backend/src/__tests__/services/platform/app-version.service.test.ts" points to missing source files
Sourcemap for "D:/Users/ZXQL/wt-agents/issue-122/backend/src/services/miniapp/stored-card.service.ts" points to missing source files
Sourcemap for "D:/Users/ZXQL/wt-agents/issue-122/backend/src/__tests__/routes/aftersale.test.ts" points to missing source files
Sourcemap for "D:/Users/ZXQL/wt-agents/issue-122/backend/src/__tests__/services/admin/report-permission.test.ts" points to missing source files
Sourcemap for "D:/Users/ZXQL/wt-agents/issue-122/backend/src/services/admin/report-permission.service.ts" points to missing source files
Sourcemap for "D:/Users/ZXQL/wt-agents/issue-122/backend/src/__tests__/controllers/order-timeout.controller.test.ts" points to missing source files
Sourcemap for "D:/Users/ZXQL/wt-agents/issue-122/backend/src/__tests__/services/admin/customer-statement.service.test.ts" points to missing source files
Sourcemap for "D:/Users/ZXQL/wt-agents/issue-122/backend/src/__tests__/services/admin/commerce-fix.service.test.ts" points to missing source files
Sourcemap for "D:/Users/ZXQL/wt-agents/issue-122/backend/src/__tests__/services/store/shift.service.test.ts" points to missing source files
Sourcemap for "D:/Users/ZXQL/wt-agents/issue-122/backend/src/__tests__/services/admin/customer-segment.service.test.ts" points to missing source files
Sourcemap for "D:/Users/ZXQL/wt-agents/issue-122/backend/src/__tests__/controllers/admin/report-export.controller.test.ts" points to missing source files
Sourcemap for "D:/Users/ZXQL/wt-agents/issue-122/backend/src/__tests__/services/admin/stock-check.service.test.ts" points to missing source files
Sourcemap for "D:/Users/ZXQL/wt-agents/issue-122/backend/src/__tests__/config/wechat-pay-v2.test.ts" points to missing source files
Sourcemap for "D:/Users/ZXQL/wt-agents/issue-122/backend/src/__tests__/services/admin/marketing-flash-sale.service.test.ts" points to missing source files
Sourcemap for "D:/Users/ZXQL/wt-agents/issue-122/backend/src/__tests__/services/admin/customer-merge.service.test.ts" points to missing source files
Sourcemap for "D:/Users/ZXQL/wt-agents/issue-122/backend/src/__tests__/routes/print.routes.test.ts" points to missing source files
Sourcemap for "D:/Users/ZXQL/wt-agents/issue-122/backend/src/__tests__/routes/notification.test.ts" points to missing source files
Sourcemap for "D:/Users/ZXQL/wt-agents/issue-122/backend/src/__tests__/services/admin/purchase-order.service.test.ts" points to missing source files
Sourcemap for "D:/Users/ZXQL/wt-agents/issue-122/backend/src/__tests__/routes/trace.test.ts" points to missing source files
Sourcemap for "D:/Users/ZXQL/wt-agents/issue-122/backend/src/__tests__/config/database-tenant-injection.test.ts" points to missing source files
Sourcemap for "D:/Users/ZXQL/wt-agents/issue-122/backend/src/__tests__/services/admin/marketing-full-reduction.service.test.ts" points to missing source files
Sourcemap for "D:/Users/ZXQL/wt-agents/issue-122/backend/src/__tests__/routes/store-control.test.ts" points to missing source files
Sourcemap for "D:/Users/ZXQL/wt-agents/issue-122/backend/src/__tests__/middleware/tenant.test.ts" points to missing source files
Sourcemap for "D:/Users/ZXQL/wt-agents/issue-122/backend/src/__tests__/services/store/member.service.test.ts" points to missing source files
Sourcemap for "D:/Users/ZXQL/wt-agents/issue-122/backend/src/__tests__/controllers/platform/dashboard.controller.test.ts" points to missing source files
Sourcemap for "D:/Users/ZXQL/wt-agents/issue-122/backend/src/__tests__/jobs/report-aggregation.job.test.ts" points to missing source files
Sourcemap for "D:/Users/ZXQL/wt-agents/issue-122/backend/src/__tests__/controllers/store/auth.controller.test.ts" points to missing source files
Sourcemap for "D:/Users/ZXQL/wt-agents/issue-122/backend/src/__tests__/routes/transfer.test.ts" points to missing source files
Sourcemap for "D:/Users/ZXQL/wt-agents/issue-122/backend/src/__tests__/services/admin/operation-log.service.test.ts" points to missing source files
Sourcemap for "D:/Users/ZXQL/wt-agents/issue-122/backend/src/__tests__/controllers/admin/stock-warning.controller.test.ts" points to missing source files
[2026-09-25 07:29:06.304 +0800] [32mINFO[39m (19700): [36m[门店管控] 定时检查器已启动，每60秒检查一次[39m
Sourcemap for "D:/Users/ZXQL/wt-agents/issue-122/backend/src/__tests__/services/admin/marketing-limited-discount.service.test.ts" points to missing source files
Sourcemap for "D:/Users/ZXQL/wt-agents/issue-122/backend/src/__tests__/shared/migration-prefix-family.test.ts" points to missing source files
Sourcemap for "D:/Users/ZXQL/wt-agents/issue-122/backend/src/__tests__/controllers/admin/visit-plan.controller.test.ts" points to missing source files
Sourcemap for "D:/Users/ZXQL/wt-agents/issue-122/backend/src/controllers/admin/visit-plan.controller.ts" points to missing source files
Sourcemap for "D:/Users/ZXQL/wt-agents/issue-122/backend/src/__tests__/services/admin/inventory-cost.test.ts" points to missing source files
Sourcemap for "D:/Users/ZXQL/wt-agents/issue-122/backend/src/__tests__/controllers/store/shift.controller.test.ts" points to missing source files
Sourcemap for "D:/Users/ZXQL/wt-agents/issue-122/backend/src/__tests__/routes/retail-announcements-admin.test.ts" points to missing source files
Sourcemap for "D:/Users/ZXQL/wt-agents/issue-122/backend/src/__tests__/services/admin/price-management.service.test.ts" points to missing source files
Sourcemap for "D:/Users/ZXQL/wt-agents/issue-122/backend/src/__tests__/services/store/product.service.test.ts" points to missing source files
Sourcemap for "D:/Users/ZXQL/wt-agents/issue-122/backend/src/__tests__/services/admin/marketing-material.service.test.ts" points to missing source files
Sourcemap for "D:/Users/ZXQL/wt-agents/issue-122/backend/src/__tests__/services/admin/marketing-points-mall.service.test.ts" points to missing source files
Sourcemap for "D:/Users/ZXQL/wt-agents/issue-122/backend/src/__tests__/services/store/receivable.service.test.ts" points to missing source files
Sourcemap for "D:/Users/ZXQL/wt-agents/issue-122/backend/src/__tests__/middleware/async-handler.test.ts" points to missing source files
Sourcemap for "D:/Users/ZXQL/wt-agents/issue-122/backend/src/__tests__/services/admin/inventory-loss-gain.test.ts" points to missing source files
Sourcemap for "D:/Users/ZXQL/wt-agents/issue-122/backend/src/__tests__/controllers/platform.controller.test.ts" points to missing source files
Sourcemap for "D:/Users/ZXQL/wt-agents/issue-122/backend/src/__tests__/routes/tenant.test.ts" points to missing source files
Sourcemap for "D:/Users/ZXQL/wt-agents/issue-122/backend/src/__tests__/services/admin/product.service.test.ts" points to missing source files
Sourcemap for "D:/Users/ZXQL/wt-agents/issue-122/backend/src/__tests__/services/admin/purchase-in-stock.service.test.ts" points to missing source files
Sourcemap for "D:/Users/ZXQL/wt-agents/issue-122/backend/src/__tests__/services/admin/stock-warning.test.ts" points to missing source files
Sourcemap for "D:/Users/ZXQL/wt-agents/issue-122/backend/src/__tests__/routes/miniapp.test.ts" points to missing source files
Sourcemap for "D:/Users/ZXQL/wt-agents/issue-122/backend/src/__tests__/routes/marketing-dashboard.test.ts" points to missing source files
Sourcemap for "D:/Users/ZXQL/wt-agents/issue-122/backend/src/__tests__/routes/member-register.test.ts" points to missing source files
Sourcemap for "D:/Users/ZXQL/wt-agents/issue-122/backend/src/__tests__/controllers/member-register.controller.test.ts" points to missing source files
Sourcemap for "D:/Users/ZXQL/wt-agents/issue-122/backend/src/__tests__/routes/sys-config.test.ts" points to missing source files
Sourcemap for "D:/Users/ZXQL/wt-agents/issue-122/backend/src/__tests__/routes/store-dashboard.test.ts" points to missing source files
Sourcemap for "D:/Users/ZXQL/wt-agents/issue-122/backend/src/__tests__/routes/alert.test.ts" points to missing source files
Sourcemap for "D:/Users/ZXQL/wt-agents/issue-122/backend/src/__tests__/shared/migration-select-columns.test.ts" points to missing source files
Sourcemap for "D:/Users/ZXQL/wt-agents/issue-122/backend/src/__tests__/services/admin/marketing-gift-rule.service.test.ts" points to missing source files
Sourcemap for "D:/Users/ZXQL/wt-agents/issue-122/backend/src/__tests__/controllers/store/home.controller.test.ts" points to missing source files
Sourcemap for "D:/Users/ZXQL/wt-agents/issue-122/backend/src/__tests__/services/supplier.service.test.ts" points to missing source files
Sourcemap for "D:/Users/ZXQL/wt-agents/issue-122/backend/src/__tests__/routes/customer-price.test.ts" points to missing source files
Sourcemap for "D:/Users/ZXQL/wt-agents/issue-122/backend/src/__tests__/routes/instant-retail-admin-ops.test.ts" points to missing source files
Sourcemap for "D:/Users/ZXQL/wt-agents/issue-122/backend/src/__tests__/routes/supplier-statement.test.ts" points to missing source files
Sourcemap for "D:/Users/ZXQL/wt-agents/issue-122/backend/src/__tests__/config/constants.test.ts" points to missing source files
Sourcemap for "D:/Users/ZXQL/wt-agents/issue-122/backend/src/__tests__/routes/purchase-return.test.ts" points to missing source files
Sourcemap for "D:/Users/ZXQL/wt-agents/issue-122/backend/src/__tests__/routes/audit.test.ts" points to missing source files
Sourcemap for "D:/Users/ZXQL/wt-agents/issue-122/backend/src/__tests__/routes/inventory-loss-gain.test.ts" points to missing source files
Sourcemap for "D:/Users/ZXQL/wt-agents/issue-122/backend/src/__tests__/routes/customer-care.test.ts" points to missing source files
Sourcemap for "D:/Users/ZXQL/wt-agents/issue-122/backend/src/__tests__/controllers/admin/report/staff-report.controller.test.ts" points to missing source files
Sourcemap for "D:/Users/ZXQL/wt-agents/issue-122/backend/src/__tests__/routes/admin-customer.test.ts" points to missing source files
Sourcemap for "D:/Users/ZXQL/wt-agents/issue-122/backend/src/__tests__/routes/wechat.test.ts" points to missing source files
Sourcemap for "D:/Users/ZXQL/wt-agents/issue-122/backend/src/__tests__/routes/store-receivable.test.ts" points to missing source files
Sourcemap for "D:/Users/ZXQL/wt-agents/issue-122/backend/src/__tests__/services/sync/product-sync.service.test.ts" points to missing source files
Sourcemap for "D:/Users/ZXQL/wt-agents/issue-122/backend/src/__tests__/routes/feedback.test.ts" points to missing source files
Sourcemap for "D:/Users/ZXQL/wt-agents/issue-122/backend/src/__tests__/routes/admin-store.test.ts" points to missing source files
Sourcemap for "D:/Users/ZXQL/wt-agents/issue-122/backend/src/__tests__/routes/admin-marketing-stack-rule.test.ts" points to missing source files
Sourcemap for "D:/Users/ZXQL/wt-agents/issue-122/backend/src/__tests__/controllers/admin/unit-group.controller.test.ts" points to missing source files
Sourcemap for "D:/Users/ZXQL/wt-agents/issue-122/backend/src/__tests__/controllers/admin/department.controller.test.ts" points to missing source files
Sourcemap for "D:/Users/ZXQL/wt-agents/issue-122/backend/src/__tests__/routes/platform.test.ts" points to missing source files
Sourcemap for "D:/Users/ZXQL/wt-agents/issue-122/backend/src/__tests__/controllers/admin/report/customer-report.controller.test.ts" points to missing source files
Sourcemap for "D:/Users/ZXQL/wt-agents/issue-122/backend/src/__tests__/routes/stock-check.test.ts" points to missing source files
Sourcemap for "D:/Users/ZXQL/wt-agents/issue-122/backend/src/__tests__/routes/admin-credit.test.ts" points to missing source files
Sourcemap for "D:/Users/ZXQL/wt-agents/issue-122/backend/src/__tests__/shared/migration-business-columns.test.ts" points to missing source files
Sourcemap for "D:/Users/ZXQL/wt-agents/issue-122/backend/src/__tests__/routes/cart.test.ts" points to missing source files
Sourcemap for "D:/Users/ZXQL/wt-agents/issue-122/backend/src/__tests__/services/admin/supplier-contact-set-primary.test.ts" points to missing source files
Sourcemap for "D:/Users/ZXQL/wt-agents/issue-122/backend/src/__tests__/routes/category.test.ts" points to missing source files
Sourcemap for "D:/Users/ZXQL/wt-agents/issue-122/backend/src/__tests__/routes/instant-retail-admin-platform.test.ts" points to missing source files
Sourcemap for "D:/Users/ZXQL/wt-agents/issue-122/backend/src/__tests__/routes/wechat.routes.test.ts" points to missing source files
Sourcemap for "D:/Users/ZXQL/wt-agents/issue-122/backend/src/__tests__/routes/approval.test.ts" points to missing source files
Sourcemap for "D:/Users/ZXQL/wt-agents/issue-122/backend/src/__tests__/routes/payment-new.test.ts" points to missing source files
Sourcemap for "D:/Users/ZXQL/wt-agents/issue-122/backend/src/__tests__/routes/admin-order.test.ts" points to missing source files
Sourcemap for "D:/Users/ZXQL/wt-agents/issue-122/backend/src/__tests__/routes/subscription.test.ts" points to missing source files
Sourcemap for "D:/Users/ZXQL/wt-agents/issue-122/backend/src/__tests__/routes/commission.test.ts" points to missing source files
Sourcemap for "D:/Users/ZXQL/wt-agents/issue-122/backend/src/__tests__/shared/migration-points-columns.test.ts" points to missing source files
Sourcemap for "D:/Users/ZXQL/wt-agents/issue-122/backend/src/__tests__/services/admin/customer-visit.service.test.ts" points to missing source files
Sourcemap for "D:/Users/ZXQL/wt-agents/issue-122/backend/src/__tests__/routes/error-log.test.ts" points to missing source files
Sourcemap for "D:/Users/ZXQL/wt-agents/issue-122/backend/src/__tests__/routes/order-timeout.test.ts" points to missing source files
Sourcemap for "D:/Users/ZXQL/wt-agents/issue-122/backend/src/__tests__/routes/transfer-order.test.ts" points to missing source files
Sourcemap for "D:/Users/ZXQL/wt-agents/issue-122/backend/src/__tests__/routes/report.test.ts" points to missing source files
Sourcemap for "D:/Users/ZXQL/wt-agents/issue-122/backend/src/__tests__/routes/archive.test.ts" points to missing source files
Sourcemap for "D:/Users/ZXQL/wt-agents/issue-122/backend/src/__tests__/routes/stock-warning.test.ts" points to missing source files
Sourcemap for "D:/Users/ZXQL/wt-agents/issue-122/backend/src/__tests__/routes/customer-payment.test.ts" points to missing source files
[2026-09-25 07:29:25.406 +0800] [32mINFO[39m (19700): [36m[OrderTimeoutScanner] 订单超时扫描器已启动，每60秒扫描一次[39m
Sourcemap for "D:/Users/ZXQL/wt-agents/issue-122/backend/src/__tests__/routes/retail-cart.test.ts" points to missing source files
Sourcemap for "D:/Users/ZXQL/wt-agents/issue-122/backend/src/__tests__/services/admin/credit-risk.test.ts" points to missing source files
Sourcemap for "D:/Users/ZXQL/wt-agents/issue-122/backend/src/__tests__/routes/operation-log.test.ts" points to missing source files
Sourcemap for "D:/Users/ZXQL/wt-agents/issue-122/backend/src/__tests__/routes/saas-subscription.test.ts" points to missing source files
Sourcemap for "D:/Users/ZXQL/wt-agents/issue-122/backend/src/__tests__/routes/purchase-contract.test.ts" points to missing source files
Sourcemap for "D:/Users/ZXQL/wt-agents/issue-122/backend/src/__tests__/shared/migration-hot-search.test.ts" points to missing source files
Sourcemap for "D:/Users/ZXQL/wt-agents/issue-122/backend/src/__tests__/routes/admin-marketing-flash-sale.test.ts" points to missing source files
Sourcemap for "D:/Users/ZXQL/wt-agents/issue-122/backend/src/__tests__/routes/price.test.ts" points to missing source files
Sourcemap for "D:/Users/ZXQL/wt-agents/issue-122/backend/src/__tests__/config/tenant.test.ts" points to missing source files
Sourcemap for "D:/Users/ZXQL/wt-agents/issue-122/backend/src/config/tenant.ts" points to missing source files
Sourcemap for "D:/Users/ZXQL/wt-agents/issue-122/backend/src/__tests__/routes/unit-group.test.ts" points to missing source files
Sourcemap for "D:/Users/ZXQL/wt-agents/issue-122/backend/src/__tests__/routes/share.test.ts" points to missing source files
Sourcemap for "D:/Users/ZXQL/wt-agents/issue-122/backend/src/__tests__/routes/admin-marketing-full-reduction.test.ts" points to missing source files
Sourcemap for "D:/Users/ZXQL/wt-agents/issue-122/backend/src/__tests__/routes/customer-tag.test.ts" points to missing source files
Sourcemap for "D:/Users/ZXQL/wt-agents/issue-122/backend/src/__tests__/routes/system.test.ts" points to missing source files
Sourcemap for "D:/Users/ZXQL/wt-agents/issue-122/backend/src/__tests__/middleware/rbac-auth.test.ts" points to missing source files
Sourcemap for "D:/Users/ZXQL/wt-agents/issue-122/backend/src/__tests__/routes/instant-retail-store.test.ts" points to missing source files
Sourcemap for "D:/Users/ZXQL/wt-agents/issue-122/backend/src/__tests__/routes/admin-system.test.ts" points to missing source files
Sourcemap for "D:/Users/ZXQL/wt-agents/issue-122/backend/src/__tests__/shared/migration-wholesale-selected.test.ts" points to missing source files
Sourcemap for "D:/Users/ZXQL/wt-agents/issue-122/backend/src/__tests__/routes/receivable.test.ts" points to missing source files
Sourcemap for "D:/Users/ZXQL/wt-agents/issue-122/backend/src/__tests__/routes/admin-finance.test.ts" points to missing source files
Sourcemap for "D:/Users/ZXQL/wt-agents/issue-122/backend/src/__tests__/routes/admin-marketing-group-buy.test.ts" points to missing source files
Sourcemap for "D:/Users/ZXQL/wt-agents/issue-122/backend/src/__tests__/routes/customer-statement.test.ts" points to missing source files
Sourcemap for "D:/Users/ZXQL/wt-agents/issue-122/backend/src/__tests__/routes/admin-marketing-calculation.test.ts" points to missing source files
Sourcemap for "D:/Users/ZXQL/wt-agents/issue-122/backend/src/__tests__/routes/unit.test.ts" points to missing source files
Sourcemap for "D:/Users/ZXQL/wt-agents/issue-122/backend/src/__tests__/routes/payment.test.ts" points to missing source files
Sourcemap for "D:/Users/ZXQL/wt-agents/issue-122/backend/src/__tests__/routes/rbac.test.ts" points to missing source files
Sourcemap for "D:/Users/ZXQL/wt-agents/issue-122/backend/src/__tests__/routes/store-inventory.test.ts" points to missing source files
Sourcemap for "D:/Users/ZXQL/wt-agents/issue-122/backend/src/__tests__/routes/purchase-in-stock.test.ts" points to missing source files
Sourcemap for "D:/Users/ZXQL/wt-agents/issue-122/backend/src/__tests__/routes/admin-report.test.ts" points to missing source files
Sourcemap for "D:/Users/ZXQL/wt-agents/issue-122/backend/src/__tests__/shared/migration-miniapp-deleted.test.ts" points to missing source files
Sourcemap for "D:/Users/ZXQL/wt-agents/issue-122/backend/src/__tests__/routes/marketing-miniapp.test.ts" points to missing source files
Sourcemap for "D:/Users/ZXQL/wt-agents/issue-122/backend/src/__tests__/routes/marketing-material.test.ts" points to missing source files
Sourcemap for "D:/Users/ZXQL/wt-agents/issue-122/backend/src/__tests__/config/permission.test.ts" points to missing source files
Sourcemap for "D:/Users/ZXQL/wt-agents/issue-122/backend/src/config/permission.ts" points to missing source files
Sourcemap for "D:/Users/ZXQL/wt-agents/issue-122/backend/src/__tests__/routes/inventory-share.test.ts" points to missing source files
Sourcemap for "D:/Users/ZXQL/wt-agents/issue-122/backend/src/__tests__/routes/customer-visit.test.ts" points to missing source files
Sourcemap for "D:/Users/ZXQL/wt-agents/issue-122/backend/src/__tests__/routes/customer-merge.test.ts" points to missing source files
Sourcemap for "D:/Users/ZXQL/wt-agents/issue-122/backend/src/__tests__/routes/tag.test.ts" points to missing source files
Sourcemap for "D:/Users/ZXQL/wt-agents/issue-122/backend/src/__tests__/services/admin/store-control.service.test.ts" points to missing source files
Sourcemap for "D:/Users/ZXQL/wt-agents/issue-122/backend/src/__tests__/routes/admin-marketing-coupon.test.ts" points to missing source files
Sourcemap for "D:/Users/ZXQL/wt-agents/issue-122/backend/src/__tests__/routes/admin-inventory.test.ts" points to missing source files
Sourcemap for "D:/Users/ZXQL/wt-agents/issue-122/backend/src/__tests__/routes/admin-staff.test.ts" points to missing source files
Sourcemap for "D:/Users/ZXQL/wt-agents/issue-122/backend/src/__tests__/routes/admin-marketing-points.test.ts" points to missing source files
Sourcemap for "D:/Users/ZXQL/wt-agents/issue-122/backend/src/__tests__/routes/store-value-card.test.ts" points to missing source files
Sourcemap for "D:/Users/ZXQL/wt-agents/issue-122/backend/src/__tests__/routes/store-order.test.ts" points to missing source files
Sourcemap for "D:/Users/ZXQL/wt-agents/issue-122/backend/src/__tests__/config/api-billing.test.ts" points to missing source files
Sourcemap for "D:/Users/ZXQL/wt-agents/issue-122/backend/src/config/api-billing.ts" points to missing source files
Sourcemap for "D:/Users/ZXQL/wt-agents/issue-122/backend/src/__tests__/routes/admin-product.test.ts" points to missing source files
Sourcemap for "D:/Users/ZXQL/wt-agents/issue-122/backend/src/__tests__/routes/reconciliation.test.ts" points to missing source files
Sourcemap for "D:/Users/ZXQL/wt-agents/issue-122/backend/src/__tests__/routes/brand.test.ts" points to missing source files
Sourcemap for "D:/Users/ZXQL/wt-agents/issue-122/backend/src/__tests__/routes/marketing-limited-discount.test.ts" points to missing source files
Sourcemap for "D:/Users/ZXQL/wt-agents/issue-122/backend/src/__tests__/routes/inventory-cost.test.ts" points to missing source files
Sourcemap for "D:/Users/ZXQL/wt-agents/issue-122/backend/src/__tests__/routes/saas-tenant.test.ts" points to missing source files
Sourcemap for "D:/Users/ZXQL/wt-agents/issue-122/backend/src/__tests__/routes/export.test.ts" points to missing source files
Sourcemap for "D:/Users/ZXQL/wt-agents/issue-122/backend/src/__tests__/routes/workbench.test.ts" points to missing source files
Sourcemap for "D:/Users/ZXQL/wt-agents/issue-122/backend/src/__tests__/routes/expense.test.ts" points to missing source files
Sourcemap for "D:/Users/ZXQL/wt-agents/issue-122/backend/src/__tests__/routes/monitor.test.ts" points to missing source files
Sourcemap for "D:/Users/ZXQL/wt-agents/issue-122/backend/src/__tests__/routes/marketing-points-mall.test.ts" points to missing source files
Sourcemap for "D:/Users/ZXQL/wt-agents/issue-122/backend/src/__tests__/routes/purchase-payment.test.ts" points to missing source files
Sourcemap for "D:/Users/ZXQL/wt-agents/issue-122/backend/src/__tests__/routes/marketing-gift-rule.test.ts" points to missing source files
Sourcemap for "D:/Users/ZXQL/wt-agents/issue-122/backend/src/__tests__/routes/store-sale-bill.test.ts" points to missing source files
Sourcemap for "D:/Users/ZXQL/wt-agents/issue-122/backend/src/__tests__/routes/instant-retail-webhook.test.ts" points to missing source files
Sourcemap for "D:/Users/ZXQL/wt-agents/issue-122/backend/src/__tests__/routes/data-permission.test.ts" points to missing source files
Sourcemap for "D:/Users/ZXQL/wt-agents/issue-122/backend/src/__tests__/routes/store-shift.test.ts" points to missing source files
Sourcemap for "D:/Users/ZXQL/wt-agents/issue-122/backend/src/__tests__/routes/report-permissions.test.ts" points to missing source files
Sourcemap for "D:/Users/ZXQL/wt-agents/issue-122/backend/src/__tests__/routes/customer-segment.test.ts" points to missing source files
Sourcemap for "D:/Users/ZXQL/wt-agents/issue-122/backend/src/__tests__/routes/receipt.test.ts" points to missing source files
Sourcemap for "D:/Users/ZXQL/wt-agents/issue-122/backend/src/__tests__/routes/sys-user.test.ts" points to missing source files
Sourcemap for "D:/Users/ZXQL/wt-agents/issue-122/backend/src/__tests__/routes/credit.test.ts" points to missing source files
Sourcemap for "D:/Users/ZXQL/wt-agents/issue-122/backend/src/__tests__/routes/department.test.ts" points to missing source files

 Test Files  586 passed (586)
      Tests  6483 passed (6483)
   Start at  07:27:53
   Duration  119.03s (transform 38.88s, setup 7.30s, import 367.68s, tests 83.12s, environment 154ms)

